Date,Venue,Balls,Runs,Wickets,Toss,Team_Playing,RPO,Team1,Team2,Team_Won,form_difference
2008-02-29,No Info,1,0,0,Sri Lanka,Australia,0,Sri Lanka,Australia,Sri Lanka,54.89
2008-02-29,No Info,2,0,0,Sri Lanka,Australia,0,Sri Lanka,Australia,Sri Lanka,54.89
2008-02-29,No Info,3,0,0,Sri Lanka,Australia,0,Sri Lanka,Australia,Sri Lanka,54.89
2008-02-29,No Info,4,4,0,Sri Lanka,Australia,6,Sri Lanka,Australia,Sri Lanka,54.89
2008-02-29,No Info,5,4,0,Sri Lanka,Australia,4,Sri Lanka,Australia,Sri Lanka,54.89
2008-02-29,No Info,6,4,0,Sri Lanka,Australia,4,Sri Lanka,Australia,Sri Lanka,54.89
2008-02-29,No Info,7,4,0,Sri Lanka,Australia,3,Sri Lanka,Australia,Sri Lanka,54.89
2008-02-29,No Info,8,4,0,Sri Lanka,Australia,3,Sri Lanka,Australia,Sri Lanka,54.89
2008-02-29,No Info,9,5,0,Sri Lanka,Australia,3,Sri Lanka,Australia,Sri Lanka,54.89
2008-02-29,No Info,10,6,0,Sri Lanka,Australia,3,Sri Lanka,Australia,Sri Lanka,54.89
2008-02-29,No Info,11,9,0,Sri Lanka,Australia,4,Sri Lanka,Australia,Sri Lanka,54.89
2008-02-29,No Info,12,9,0,Sri Lanka,Australia,4,Sri Lanka,Australia,Sri Lanka,54.89
2008-02-29,No Info,13,10,0,Sri Lanka,Australia,4,Sri Lanka,Australia,Sri Lanka,54.89
2008-02-29,No Info,14,11,0,Sri Lanka,Australia,4,Sri Lanka,Australia,Sri Lanka,54.89
2008-02-29,No Info,15,11,0,Sri Lanka,Australia,4,Sri Lanka,Australia,Sri Lanka,54.89
2008-02-29,No Info,16,12,0,Sri Lanka,Australia,4,Sri Lanka,Australia,Sri Lanka,54.89
2008-02-29,No Info,17,14,0,Sri Lanka,Australia,4,Sri Lanka,Australia,Sri Lanka,54.89
2008-02-29,No Info,18,14,0,Sri Lanka,Australia,4,Sri Lanka,Australia,Sri Lanka,54.89
2008-02-29,No Info,18,18,0,Sri Lanka,Australia,6,Sri Lanka,Australia,Sri Lanka,54.89
2008-02-29,No Info,19,18,0,Sri Lanka,Australia,5,Sri Lanka,Australia,Sri Lanka,54.89
2008-02-29,No Info,20,18,0,Sri Lanka,Australia,5,Sri Lanka,Australia,Sri Lanka,54.89
2008-02-29,No Info,21,18,0,Sri Lanka,Australia,5,Sri Lanka,Australia,Sri Lanka,54.89
2008-02-29,No Info,22,18,0,Sri Lanka,Australia,4,Sri Lanka,Australia,Sri Lanka,54.89
2008-02-29,No Info,23,18,0,Sri Lanka,Australia,4,Sri Lanka,Australia,Sri Lanka,54.89
2008-02-29,No Info,24,18,0,Sri Lanka,Australia,4,Sri Lanka,Australia,Sri Lanka,54.89
2008-02-29,No Info,25,18,0,Sri Lanka,Australia,4,Sri Lanka,Australia,Sri Lanka,54.89
2008-02-29,No Info,26,18,0,Sri Lanka,Australia,4,Sri Lanka,Australia,Sri Lanka,54.89
2008-02-29,No Info,27,20,0,Sri Lanka,Australia,4,Sri Lanka,Australia,Sri Lanka,54.89
2008-02-29,No Info,28,20,0,Sri Lanka,Australia,4,Sri Lanka,Australia,Sri Lanka,54.89
2008-02-29,No Info,29,20,0,Sri Lanka,Australia,4,Sri Lanka,Australia,Sri Lanka,54.89
2008-02-29,No Info,30,20,0,Sri Lanka,Australia,4,Sri Lanka,Australia,Sri Lanka,54.89
2008-02-29,No Info,31,22,0,Sri Lanka,Australia,4,Sri Lanka,Australia,Sri Lanka,54.89
2008-02-29,No Info,32,23,0,Sri Lanka,Australia,4,Sri Lanka,Australia,Sri Lanka,54.89
2008-02-29,No Info,33,23,0,Sri Lanka,Australia,4,Sri Lanka,Australia,Sri Lanka,54.89
2008-02-29,No Info,34,23,0,Sri Lanka,Australia,4,Sri Lanka,Australia,Sri Lanka,54.89
2008-02-29,No Info,35,23,0,Sri Lanka,Australia,3,Sri Lanka,Australia,Sri Lanka,54.89
2008-02-29,No Info,36,23,0,Sri Lanka,Australia,3,Sri Lanka,Australia,Sri Lanka,54.89
2008-02-29,No Info,37,27,0,Sri Lanka,Australia,4,Sri Lanka,Australia,Sri Lanka,54.89
2008-02-29,No Info,38,30,0,Sri Lanka,Australia,4,Sri Lanka,Australia,Sri Lanka,54.89
2008-02-29,No Info,39,31,0,Sri Lanka,Australia,4,Sri Lanka,Australia,Sri Lanka,54.89
2008-02-29,No Info,40,37,0,Sri Lanka,Australia,5,Sri Lanka,Australia,Sri Lanka,54.89
2008-02-29,No Info,41,37,0,Sri Lanka,Australia,5,Sri Lanka,Australia,Sri Lanka,54.89
2008-02-29,No Info,42,41,0,Sri Lanka,Australia,5,Sri Lanka,Australia,Sri Lanka,54.89
2008-02-29,No Info,43,42,0,Sri Lanka,Australia,5,Sri Lanka,Australia,Sri Lanka,54.89
2008-02-29,No Info,44,42,0,Sri Lanka,Australia,5,Sri Lanka,Australia,Sri Lanka,54.89
2008-02-29,No Info,45,42,0,Sri Lanka,Australia,5,Sri Lanka,Australia,Sri Lanka,54.89
2008-02-29,No Info,46,42,0,Sri Lanka,Australia,5,Sri Lanka,Australia,Sri Lanka,54.89
2008-02-29,No Info,47,46,0,Sri Lanka,Australia,5,Sri Lanka,Australia,Sri Lanka,54.89
2008-02-29,No Info,48,50,0,Sri Lanka,Australia,6,Sri Lanka,Australia,Sri Lanka,54.89
2008-02-29,No Info,49,51,0,Sri Lanka,Australia,6,Sri Lanka,Australia,Sri Lanka,54.89
2008-02-29,No Info,50,51,0,Sri Lanka,Australia,6,Sri Lanka,Australia,Sri Lanka,54.89
2008-02-29,No Info,51,52,0,Sri Lanka,Australia,6,Sri Lanka,Australia,Sri Lanka,54.89
2008-02-29,No Info,52,52,0,Sri Lanka,Australia,6,Sri Lanka,Australia,Sri Lanka,54.89
2008-02-29,No Info,53,52,0,Sri Lanka,Australia,5,Sri Lanka,Australia,Sri Lanka,54.89
2008-02-29,No Info,54,55,0,Sri Lanka,Australia,6,Sri Lanka,Australia,Sri Lanka,54.89
2008-02-29,No Info,54,55,0,Sri Lanka,Australia,6,Sri Lanka,Australia,Sri Lanka,54.89
2008-02-29,No Info,55,57,0,Sri Lanka,Australia,6,Sri Lanka,Australia,Sri Lanka,54.89
2008-02-29,No Info,56,61,0,Sri Lanka,Australia,6,Sri Lanka,Australia,Sri Lanka,54.89
2008-02-29,No Info,57,65,0,Sri Lanka,Australia,6,Sri Lanka,Australia,Sri Lanka,54.89
2008-02-29,No Info,58,65,0,Sri Lanka,Australia,6,Sri Lanka,Australia,Sri Lanka,54.89
2008-02-29,No Info,59,69,0,Sri Lanka,Australia,7,Sri Lanka,Australia,Sri Lanka,54.89
2008-02-29,No Info,60,69,0,Sri Lanka,Australia,6,Sri Lanka,Australia,Sri Lanka,54.89
2008-02-29,No Info,61,69,0,Sri Lanka,Australia,6,Sri Lanka,Australia,Sri Lanka,54.89
2008-02-29,No Info,62,70,0,Sri Lanka,Australia,6,Sri Lanka,Australia,Sri Lanka,54.89
2008-02-29,No Info,63,72,0,Sri Lanka,Australia,6,Sri Lanka,Australia,Sri Lanka,54.89
2008-02-29,No Info,64,72,0,Sri Lanka,Australia,6,Sri Lanka,Australia,Sri Lanka,54.89
2008-02-29,No Info,65,76,0,Sri Lanka,Australia,7,Sri Lanka,Australia,Sri Lanka,54.89
2008-02-29,No Info,66,80,0,Sri Lanka,Australia,7,Sri Lanka,Australia,Sri Lanka,54.89
2008-02-29,No Info,67,80,0,Sri Lanka,Australia,7,Sri Lanka,Australia,Sri Lanka,54.89
2008-02-29,No Info,68,84,0,Sri Lanka,Australia,7,Sri Lanka,Australia,Sri Lanka,54.89
2008-02-29,No Info,69,84,0,Sri Lanka,Australia,7,Sri Lanka,Australia,Sri Lanka,54.89
2008-02-29,No Info,70,85,0,Sri Lanka,Australia,7,Sri Lanka,Australia,Sri Lanka,54.89
2008-02-29,No Info,71,89,0,Sri Lanka,Australia,7,Sri Lanka,Australia,Sri Lanka,54.89
2008-02-29,No Info,72,89,0,Sri Lanka,Australia,7,Sri Lanka,Australia,Sri Lanka,54.89
2008-02-29,No Info,73,90,0,Sri Lanka,Australia,7,Sri Lanka,Australia,Sri Lanka,54.89
2008-02-29,No Info,74,91,0,Sri Lanka,Australia,7,Sri Lanka,Australia,Sri Lanka,54.89
2008-02-29,No Info,75,91,0,Sri Lanka,Australia,7,Sri Lanka,Australia,Sri Lanka,54.89
2008-02-29,No Info,76,92,0,Sri Lanka,Australia,7,Sri Lanka,Australia,Sri Lanka,54.89
2008-02-29,No Info,77,96,0,Sri Lanka,Australia,7,Sri Lanka,Australia,Sri Lanka,54.89
2008-02-29,No Info,78,102,0,Sri Lanka,Australia,7,Sri Lanka,Australia,Sri Lanka,54.89
2008-02-29,No Info,79,102,0,Sri Lanka,Australia,7,Sri Lanka,Australia,Sri Lanka,54.89
2008-02-29,No Info,80,102,0,Sri Lanka,Australia,7,Sri Lanka,Australia,Sri Lanka,54.89
2008-02-29,No Info,81,102,0,Sri Lanka,Australia,7,Sri Lanka,Australia,Sri Lanka,54.89
2008-02-29,No Info,82,102,0,Sri Lanka,Australia,7,Sri Lanka,Australia,Sri Lanka,54.89
2008-02-29,No Info,83,102,0,Sri Lanka,Australia,7,Sri Lanka,Australia,Sri Lanka,54.89
2008-02-29,No Info,84,106,0,Sri Lanka,Australia,7,Sri Lanka,Australia,Sri Lanka,54.89
2008-02-29,No Info,85,107,0,Sri Lanka,Australia,7,Sri Lanka,Australia,Sri Lanka,54.89
2008-02-29,No Info,86,107,0,Sri Lanka,Australia,7,Sri Lanka,Australia,Sri Lanka,54.89
2008-02-29,No Info,87,107,0,Sri Lanka,Australia,7,Sri Lanka,Australia,Sri Lanka,54.89
2008-02-29,No Info,88,107,1,Sri Lanka,Australia,7,Sri Lanka,Australia,Sri Lanka,54.89
2008-02-29,No Info,89,107,1,Sri Lanka,Australia,7,Sri Lanka,Australia,Sri Lanka,54.89
2008-02-29,No Info,90,107,1,Sri Lanka,Australia,7,Sri Lanka,Australia,Sri Lanka,54.89
2008-02-29,No Info,91,109,1,Sri Lanka,Australia,7,Sri Lanka,Australia,Sri Lanka,54.89
2008-02-29,No Info,92,111,1,Sri Lanka,Australia,7,Sri Lanka,Australia,Sri Lanka,54.89
2008-02-29,No Info,93,113,1,Sri Lanka,Australia,7,Sri Lanka,Australia,Sri Lanka,54.89
2008-02-29,No Info,94,113,2,Sri Lanka,Australia,7,Sri Lanka,Australia,Sri Lanka,54.89
2008-02-29,No Info,95,113,2,Sri Lanka,Australia,7,Sri Lanka,Australia,Sri Lanka,54.89
2008-02-29,No Info,96,113,2,Sri Lanka,Australia,7,Sri Lanka,Australia,Sri Lanka,54.89
2008-02-29,No Info,97,113,2,Sri Lanka,Australia,6,Sri Lanka,Australia,Sri Lanka,54.89
2008-02-29,No Info,98,113,2,Sri Lanka,Australia,6,Sri Lanka,Australia,Sri Lanka,54.89
2008-02-29,No Info,99,113,2,Sri Lanka,Australia,6,Sri Lanka,Australia,Sri Lanka,54.89
2008-02-29,No Info,100,113,2,Sri Lanka,Australia,6,Sri Lanka,Australia,Sri Lanka,54.89
2008-02-29,No Info,101,113,2,Sri Lanka,Australia,6,Sri Lanka,Australia,Sri Lanka,54.89
2008-02-29,No Info,102,113,2,Sri Lanka,Australia,6,Sri Lanka,Australia,Sri Lanka,54.89
2008-02-29,No Info,103,113,2,Sri Lanka,Australia,6,Sri Lanka,Australia,Sri Lanka,54.89
2008-02-29,No Info,104,114,2,Sri Lanka,Australia,6,Sri Lanka,Australia,Sri Lanka,54.89
2008-02-29,No Info,105,114,2,Sri Lanka,Australia,6,Sri Lanka,Australia,Sri Lanka,54.89
2008-02-29,No Info,106,114,2,Sri Lanka,Australia,6,Sri Lanka,Australia,Sri Lanka,54.89
2008-02-29,No Info,107,114,2,Sri Lanka,Australia,6,Sri Lanka,Australia,Sri Lanka,54.89
2008-02-29,No Info,108,114,2,Sri Lanka,Australia,6,Sri Lanka,Australia,Sri Lanka,54.89
2008-02-29,No Info,109,114,2,Sri Lanka,Australia,6,Sri Lanka,Australia,Sri Lanka,54.89
2008-02-29,No Info,110,115,2,Sri Lanka,Australia,6,Sri Lanka,Australia,Sri Lanka,54.89
2008-02-29,No Info,111,115,3,Sri Lanka,Australia,6,Sri Lanka,Australia,Sri Lanka,54.89
2008-02-29,No Info,112,115,3,Sri Lanka,Australia,6,Sri Lanka,Australia,Sri Lanka,54.89
2008-02-29,No Info,113,115,3,Sri Lanka,Australia,6,Sri Lanka,Australia,Sri Lanka,54.89
2008-02-29,No Info,114,115,3,Sri Lanka,Australia,6,Sri Lanka,Australia,Sri Lanka,54.89
2008-02-29,No Info,115,115,3,Sri Lanka,Australia,6,Sri Lanka,Australia,Sri Lanka,54.89
2008-02-29,No Info,116,115,3,Sri Lanka,Australia,5,Sri Lanka,Australia,Sri Lanka,54.89
2008-02-29,No Info,117,115,4,Sri Lanka,Australia,5,Sri Lanka,Australia,Sri Lanka,54.89
2008-02-29,No Info,118,115,4,Sri Lanka,Australia,5,Sri Lanka,Australia,Sri Lanka,54.89
2008-02-29,No Info,119,115,4,Sri Lanka,Australia,5,Sri Lanka,Australia,Sri Lanka,54.89
2008-02-29,No Info,120,115,4,Sri Lanka,Australia,5,Sri Lanka,Australia,Sri Lanka,54.89
2008-02-29,No Info,121,115,5,Sri Lanka,Australia,5,Sri Lanka,Australia,Sri Lanka,54.89
2008-02-29,No Info,122,115,5,Sri Lanka,Australia,5,Sri Lanka,Australia,Sri Lanka,54.89
2008-02-29,No Info,123,115,5,Sri Lanka,Australia,5,Sri Lanka,Australia,Sri Lanka,54.89
2008-02-29,No Info,124,115,5,Sri Lanka,Australia,5,Sri Lanka,Australia,Sri Lanka,54.89
2008-02-29,No Info,125,115,5,Sri Lanka,Australia,5,Sri Lanka,Australia,Sri Lanka,54.89
2008-02-29,No Info,126,115,5,Sri Lanka,Australia,5,Sri Lanka,Australia,Sri Lanka,54.89
2008-02-29,No Info,127,115,5,Sri Lanka,Australia,5,Sri Lanka,Australia,Sri Lanka,54.89
2008-02-29,No Info,128,115,5,Sri Lanka,Australia,5,Sri Lanka,Australia,Sri Lanka,54.89
2008-02-29,No Info,129,115,5,Sri Lanka,Australia,5,Sri Lanka,Australia,Sri Lanka,54.89
2008-02-29,No Info,130,115,5,Sri Lanka,Australia,5,Sri Lanka,Australia,Sri Lanka,54.89
2008-02-29,No Info,131,115,5,Sri Lanka,Australia,5,Sri Lanka,Australia,Sri Lanka,54.89
2008-02-29,No Info,132,115,5,Sri Lanka,Australia,5,Sri Lanka,Australia,Sri Lanka,54.89
2008-02-29,No Info,133,115,5,Sri Lanka,Australia,5,Sri Lanka,Australia,Sri Lanka,54.89
2008-02-29,No Info,134,115,5,Sri Lanka,Australia,5,Sri Lanka,Australia,Sri Lanka,54.89
2008-02-29,No Info,135,117,5,Sri Lanka,Australia,5,Sri Lanka,Australia,Sri Lanka,54.89
2008-02-29,No Info,136,119,5,Sri Lanka,Australia,5,Sri Lanka,Australia,Sri Lanka,54.89
2008-02-29,No Info,137,120,5,Sri Lanka,Australia,5,Sri Lanka,Australia,Sri Lanka,54.89
2008-02-29,No Info,138,120,5,Sri Lanka,Australia,5,Sri Lanka,Australia,Sri Lanka,54.89
2008-02-29,No Info,138,123,5,Sri Lanka,Australia,5,Sri Lanka,Australia,Sri Lanka,54.89
2008-02-29,No Info,139,123,5,Sri Lanka,Australia,5,Sri Lanka,Australia,Sri Lanka,54.89
2008-02-29,No Info,140,123,6,Sri Lanka,Australia,5,Sri Lanka,Australia,Sri Lanka,54.89
2008-02-29,No Info,141,123,6,Sri Lanka,Australia,5,Sri Lanka,Australia,Sri Lanka,54.89
2008-02-29,No Info,142,125,6,Sri Lanka,Australia,5,Sri Lanka,Australia,Sri Lanka,54.89
2008-02-29,No Info,143,125,6,Sri Lanka,Australia,5,Sri Lanka,Australia,Sri Lanka,54.89
2008-02-29,No Info,144,126,6,Sri Lanka,Australia,5,Sri Lanka,Australia,Sri Lanka,54.89
2008-02-29,No Info,145,126,6,Sri Lanka,Australia,5,Sri Lanka,Australia,Sri Lanka,54.89
2008-02-29,No Info,146,129,6,Sri Lanka,Australia,5,Sri Lanka,Australia,Sri Lanka,54.89
2008-02-29,No Info,147,129,6,Sri Lanka,Australia,5,Sri Lanka,Australia,Sri Lanka,54.89
2008-02-29,No Info,148,129,6,Sri Lanka,Australia,5,Sri Lanka,Australia,Sri Lanka,54.89
2008-02-29,No Info,149,130,6,Sri Lanka,Australia,5,Sri Lanka,Australia,Sri Lanka,54.89
2008-02-29,No Info,150,131,6,Sri Lanka,Australia,5,Sri Lanka,Australia,Sri Lanka,54.89
2008-02-29,No Info,151,131,6,Sri Lanka,Australia,5,Sri Lanka,Australia,Sri Lanka,54.89
2008-02-29,No Info,152,132,6,Sri Lanka,Australia,5,Sri Lanka,Australia,Sri Lanka,54.89
2008-02-29,No Info,153,132,6,Sri Lanka,Australia,5,Sri Lanka,Australia,Sri Lanka,54.89
2008-02-29,No Info,154,132,6,Sri Lanka,Australia,5,Sri Lanka,Australia,Sri Lanka,54.89
2008-02-29,No Info,155,132,6,Sri Lanka,Australia,5,Sri Lanka,Australia,Sri Lanka,54.89
2008-02-29,No Info,156,132,6,Sri Lanka,Australia,5,Sri Lanka,Australia,Sri Lanka,54.89
2008-02-29,No Info,157,133,6,Sri Lanka,Australia,5,Sri Lanka,Australia,Sri Lanka,54.89
2008-02-29,No Info,158,133,6,Sri Lanka,Australia,5,Sri Lanka,Australia,Sri Lanka,54.89
2008-02-29,No Info,159,134,6,Sri Lanka,Australia,5,Sri Lanka,Australia,Sri Lanka,54.89
2008-02-29,No Info,160,134,6,Sri Lanka,Australia,5,Sri Lanka,Australia,Sri Lanka,54.89
2008-02-29,No Info,161,134,6,Sri Lanka,Australia,4,Sri Lanka,Australia,Sri Lanka,54.89
2008-02-29,No Info,162,134,6,Sri Lanka,Australia,4,Sri Lanka,Australia,Sri Lanka,54.89
2008-02-29,No Info,163,134,6,Sri Lanka,Australia,4,Sri Lanka,Australia,Sri Lanka,54.89
2008-02-29,No Info,164,135,6,Sri Lanka,Australia,4,Sri Lanka,Australia,Sri Lanka,54.89
2008-02-29,No Info,165,135,6,Sri Lanka,Australia,4,Sri Lanka,Australia,Sri Lanka,54.89
2008-02-29,No Info,166,136,6,Sri Lanka,Australia,4,Sri Lanka,Australia,Sri Lanka,54.89
2008-02-29,No Info,167,137,6,Sri Lanka,Australia,4,Sri Lanka,Australia,Sri Lanka,54.89
2008-02-29,No Info,168,138,6,Sri Lanka,Australia,4,Sri Lanka,Australia,Sri Lanka,54.89
2008-02-29,No Info,169,139,6,Sri Lanka,Australia,4,Sri Lanka,Australia,Sri Lanka,54.89
2008-02-29,No Info,170,139,6,Sri Lanka,Australia,4,Sri Lanka,Australia,Sri Lanka,54.89
2008-02-29,No Info,171,140,6,Sri Lanka,Australia,4,Sri Lanka,Australia,Sri Lanka,54.89
2008-02-29,No Info,172,140,6,Sri Lanka,Australia,4,Sri Lanka,Australia,Sri Lanka,54.89
2008-02-29,No Info,173,141,6,Sri Lanka,Australia,4,Sri Lanka,Australia,Sri Lanka,54.89
2008-02-29,No Info,174,141,6,Sri Lanka,Australia,4,Sri Lanka,Australia,Sri Lanka,54.89
2008-02-29,No Info,175,141,6,Sri Lanka,Australia,4,Sri Lanka,Australia,Sri Lanka,54.89
2008-02-29,No Info,176,142,6,Sri Lanka,Australia,4,Sri Lanka,Australia,Sri Lanka,54.89
2008-02-29,No Info,177,142,7,Sri Lanka,Australia,4,Sri Lanka,Australia,Sri Lanka,54.89
2008-02-29,No Info,178,142,7,Sri Lanka,Australia,4,Sri Lanka,Australia,Sri Lanka,54.89
2008-02-29,No Info,179,142,7,Sri Lanka,Australia,4,Sri Lanka,Australia,Sri Lanka,54.89
2008-02-29,No Info,180,144,7,Sri Lanka,Australia,4,Sri Lanka,Australia,Sri Lanka,54.89
2008-02-29,No Info,181,145,7,Sri Lanka,Australia,4,Sri Lanka,Australia,Sri Lanka,54.89
2008-02-29,No Info,182,145,7,Sri Lanka,Australia,4,Sri Lanka,Australia,Sri Lanka,54.89
2008-02-29,No Info,183,149,7,Sri Lanka,Australia,4,Sri Lanka,Australia,Sri Lanka,54.89
2008-02-29,No Info,184,149,7,Sri Lanka,Australia,4,Sri Lanka,Australia,Sri Lanka,54.89
2008-02-29,No Info,185,149,7,Sri Lanka,Australia,4,Sri Lanka,Australia,Sri Lanka,54.89
2008-02-29,No Info,186,149,7,Sri Lanka,Australia,4,Sri Lanka,Australia,Sri Lanka,54.89
2008-02-29,No Info,187,150,7,Sri Lanka,Australia,4,Sri Lanka,Australia,Sri Lanka,54.89
2008-02-29,No Info,188,151,7,Sri Lanka,Australia,4,Sri Lanka,Australia,Sri Lanka,54.89
2008-02-29,No Info,189,151,7,Sri Lanka,Australia,4,Sri Lanka,Australia,Sri Lanka,54.89
2008-02-29,No Info,190,151,7,Sri Lanka,Australia,4,Sri Lanka,Australia,Sri Lanka,54.89
2008-02-29,No Info,191,151,7,Sri Lanka,Australia,4,Sri Lanka,Australia,Sri Lanka,54.89
2008-02-29,No Info,192,151,7,Sri Lanka,Australia,4,Sri Lanka,Australia,Sri Lanka,54.89
2008-02-29,No Info,192,151,7,Sri Lanka,Australia,4,Sri Lanka,Australia,Sri Lanka,54.89
2008-02-29,No Info,193,151,7,Sri Lanka,Australia,4,Sri Lanka,Australia,Sri Lanka,54.89
2008-02-29,No Info,194,153,7,Sri Lanka,Australia,4,Sri Lanka,Australia,Sri Lanka,54.89
2008-02-29,No Info,195,154,7,Sri Lanka,Australia,4,Sri Lanka,Australia,Sri Lanka,54.89
2008-02-29,No Info,196,154,7,Sri Lanka,Australia,4,Sri Lanka,Australia,Sri Lanka,54.89
2008-02-29,No Info,197,154,7,Sri Lanka,Australia,4,Sri Lanka,Australia,Sri Lanka,54.89
2008-02-29,No Info,198,154,7,Sri Lanka,Australia,4,Sri Lanka,Australia,Sri Lanka,54.89
2008-02-29,No Info,199,154,7,Sri Lanka,Australia,4,Sri Lanka,Australia,Sri Lanka,54.89
2008-02-29,No Info,200,154,7,Sri Lanka,Australia,4,Sri Lanka,Australia,Sri Lanka,54.89
2008-02-29,No Info,201,155,7,Sri Lanka,Australia,4,Sri Lanka,Australia,Sri Lanka,54.89
2008-02-29,No Info,202,156,7,Sri Lanka,Australia,4,Sri Lanka,Australia,Sri Lanka,54.89
2008-02-29,No Info,203,156,7,Sri Lanka,Australia,4,Sri Lanka,Australia,Sri Lanka,54.89
2008-02-29,No Info,204,157,7,Sri Lanka,Australia,4,Sri Lanka,Australia,Sri Lanka,54.89
2008-02-29,No Info,204,158,7,Sri Lanka,Australia,4,Sri Lanka,Australia,Sri Lanka,54.89
2008-02-29,No Info,205,158,7,Sri Lanka,Australia,4,Sri Lanka,Australia,Sri Lanka,54.89
2008-02-29,No Info,206,158,7,Sri Lanka,Australia,4,Sri Lanka,Australia,Sri Lanka,54.89
2008-02-29,No Info,207,158,7,Sri Lanka,Australia,4,Sri Lanka,Australia,Sri Lanka,54.89
2008-02-29,No Info,208,158,7,Sri Lanka,Australia,4,Sri Lanka,Australia,Sri Lanka,54.89
2008-02-29,No Info,209,158,8,Sri Lanka,Australia,4,Sri Lanka,Australia,Sri Lanka,54.89
2008-02-29,No Info,210,159,8,Sri Lanka,Australia,4,Sri Lanka,Australia,Sri Lanka,54.89
2008-02-29,No Info,211,159,8,Sri Lanka,Australia,4,Sri Lanka,Australia,Sri Lanka,54.89
2008-02-29,No Info,212,159,8,Sri Lanka,Australia,4,Sri Lanka,Australia,Sri Lanka,54.89
2008-02-29,No Info,213,160,8,Sri Lanka,Australia,4,Sri Lanka,Australia,Sri Lanka,54.89
2008-02-29,No Info,214,160,8,Sri Lanka,Australia,4,Sri Lanka,Australia,Sri Lanka,54.89
2008-02-29,No Info,215,160,8,Sri Lanka,Australia,4,Sri Lanka,Australia,Sri Lanka,54.89
2008-02-29,No Info,216,161,8,Sri Lanka,Australia,4,Sri Lanka,Australia,Sri Lanka,54.89
2008-02-29,No Info,217,161,8,Sri Lanka,Australia,4,Sri Lanka,Australia,Sri Lanka,54.89
2008-02-29,No Info,218,162,8,Sri Lanka,Australia,4,Sri Lanka,Australia,Sri Lanka,54.89
2008-02-29,No Info,219,162,8,Sri Lanka,Australia,4,Sri Lanka,Australia,Sri Lanka,54.89
2008-02-29,No Info,220,162,8,Sri Lanka,Australia,4,Sri Lanka,Australia,Sri Lanka,54.89
2008-02-29,No Info,221,162,8,Sri Lanka,Australia,4,Sri Lanka,Australia,Sri Lanka,54.89
2008-02-29,No Info,222,162,8,Sri Lanka,Australia,4,Sri Lanka,Australia,Sri Lanka,54.89
2008-02-29,No Info,223,162,8,Sri Lanka,Australia,4,Sri Lanka,Australia,Sri Lanka,54.89
2008-02-29,No Info,224,162,8,Sri Lanka,Australia,4,Sri Lanka,Australia,Sri Lanka,54.89
2008-02-29,No Info,225,164,8,Sri Lanka,Australia,4,Sri Lanka,Australia,Sri Lanka,54.89
2008-02-29,No Info,226,164,8,Sri Lanka,Australia,4,Sri Lanka,Australia,Sri Lanka,54.89
2008-02-29,No Info,227,170,8,Sri Lanka,Australia,4,Sri Lanka,Australia,Sri Lanka,54.89
2008-02-29,No Info,228,171,8,Sri Lanka,Australia,4,Sri Lanka,Australia,Sri Lanka,54.89
2008-02-29,No Info,229,172,8,Sri Lanka,Australia,4,Sri Lanka,Australia,Sri Lanka,54.89
2008-02-29,No Info,230,172,8,Sri Lanka,Australia,4,Sri Lanka,Australia,Sri Lanka,54.89
2008-02-29,No Info,231,172,8,Sri Lanka,Australia,4,Sri Lanka,Australia,Sri Lanka,54.89
2008-02-29,No Info,232,172,8,Sri Lanka,Australia,4,Sri Lanka,Australia,Sri Lanka,54.89
2008-02-29,No Info,233,173,8,Sri Lanka,Australia,4,Sri Lanka,Australia,Sri Lanka,54.89
2008-02-29,No Info,234,173,8,Sri Lanka,Australia,4,Sri Lanka,Australia,Sri Lanka,54.89
2008-02-29,No Info,235,173,9,Sri Lanka,Australia,4,Sri Lanka,Australia,Sri Lanka,54.89
2008-02-29,No Info,236,173,9,Sri Lanka,Australia,4,Sri Lanka,Australia,Sri Lanka,54.89
2008-02-29,No Info,237,173,9,Sri Lanka,Australia,4,Sri Lanka,Australia,Sri Lanka,54.89
2008-02-29,No Info,238,173,9,Sri Lanka,Australia,4,Sri Lanka,Australia,Sri Lanka,54.89
2008-02-29,No Info,239,175,9,Sri Lanka,Australia,4,Sri Lanka,Australia,Sri Lanka,54.89
2008-02-29,No Info,240,175,9,Sri Lanka,Australia,4,Sri Lanka,Australia,Sri Lanka,54.89
2008-02-29,No Info,241,175,9,Sri Lanka,Australia,4,Sri Lanka,Australia,Sri Lanka,54.89
2008-02-29,No Info,242,175,9,Sri Lanka,Australia,4,Sri Lanka,Australia,Sri Lanka,54.89
2008-02-29,No Info,243,176,9,Sri Lanka,Australia,4,Sri Lanka,Australia,Sri Lanka,54.89
2008-02-29,No Info,244,176,9,Sri Lanka,Australia,4,Sri Lanka,Australia,Sri Lanka,54.89
2008-02-29,No Info,245,177,9,Sri Lanka,Australia,4,Sri Lanka,Australia,Sri Lanka,54.89
2008-02-29,No Info,246,179,9,Sri Lanka,Australia,4,Sri Lanka,Australia,Sri Lanka,54.89
2008-02-29,No Info,247,180,9,Sri Lanka,Australia,4,Sri Lanka,Australia,Sri Lanka,54.89
2008-02-29,No Info,248,180,9,Sri Lanka,Australia,4,Sri Lanka,Australia,Sri Lanka,54.89
2008-02-29,No Info,249,180,9,Sri Lanka,Australia,4,Sri Lanka,Australia,Sri Lanka,54.89
2008-02-29,No Info,250,181,9,Sri Lanka,Australia,4,Sri Lanka,Australia,Sri Lanka,54.89
2008-02-29,No Info,251,185,9,Sri Lanka,Australia,4,Sri Lanka,Australia,Sri Lanka,54.89
2008-02-29,No Info,252,187,9,Sri Lanka,Australia,4,Sri Lanka,Australia,Sri Lanka,54.89
2008-02-29,No Info,253,189,9,Sri Lanka,Australia,4,Sri Lanka,Australia,Sri Lanka,54.89
2008-02-29,No Info,254,189,9,Sri Lanka,Australia,4,Sri Lanka,Australia,Sri Lanka,54.89
2008-02-29,No Info,255,189,9,Sri Lanka,Australia,4,Sri Lanka,Australia,Sri Lanka,54.89
2008-02-29,No Info,256,190,9,Sri Lanka,Australia,4,Sri Lanka,Australia,Sri Lanka,54.89
2008-02-29,No Info,257,190,9,Sri Lanka,Australia,4,Sri Lanka,Australia,Sri Lanka,54.89
2008-02-29,No Info,258,191,9,Sri Lanka,Australia,4,Sri Lanka,Australia,Sri Lanka,54.89
2008-02-29,No Info,258,191,9,Sri Lanka,Australia,4,Sri Lanka,Australia,Sri Lanka,54.89
2008-02-29,No Info,259,192,9,Sri Lanka,Australia,4,Sri Lanka,Australia,Sri Lanka,54.89
2008-02-29,No Info,260,192,9,Sri Lanka,Australia,4,Sri Lanka,Australia,Sri Lanka,54.89
2008-02-29,No Info,261,192,9,Sri Lanka,Australia,4,Sri Lanka,Australia,Sri Lanka,54.89
2008-02-29,No Info,262,192,9,Sri Lanka,Australia,4,Sri Lanka,Australia,Sri Lanka,54.89
2008-02-29,No Info,263,193,9,Sri Lanka,Australia,4,Sri Lanka,Australia,Sri Lanka,54.89
2008-02-29,No Info,264,193,9,Sri Lanka,Australia,4,Sri Lanka,Australia,Sri Lanka,54.89
2008-02-29,No Info,265,193,9,Sri Lanka,Australia,4,Sri Lanka,Australia,Sri Lanka,54.89
2008-02-29,No Info,266,193,9,Sri Lanka,Australia,4,Sri Lanka,Australia,Sri Lanka,54.89
2008-02-29,No Info,267,194,9,Sri Lanka,Australia,4,Sri Lanka,Australia,Sri Lanka,54.89
2008-02-29,No Info,268,194,9,Sri Lanka,Australia,4,Sri Lanka,Australia,Sri Lanka,54.89
2008-02-29,No Info,269,194,9,Sri Lanka,Australia,4,Sri Lanka,Australia,Sri Lanka,54.89
2008-02-29,No Info,270,194,9,Sri Lanka,Australia,4,Sri Lanka,Australia,Sri Lanka,54.89
2008-02-29,No Info,271,194,9,Sri Lanka,Australia,4,Sri Lanka,Australia,Sri Lanka,54.89
2008-02-29,No Info,272,195,9,Sri Lanka,Australia,4,Sri Lanka,Australia,Sri Lanka,54.89
2008-02-29,No Info,273,195,9,Sri Lanka,Australia,4,Sri Lanka,Australia,Sri Lanka,54.89
2008-02-29,No Info,274,195,9,Sri Lanka,Australia,4,Sri Lanka,Australia,Sri Lanka,54.89
2008-02-29,No Info,275,196,9,Sri Lanka,Australia,4,Sri Lanka,Australia,Sri Lanka,54.89
2008-02-29,No Info,276,196,9,Sri Lanka,Australia,4,Sri Lanka,Australia,Sri Lanka,54.89
2008-02-29,No Info,277,200,9,Sri Lanka,Australia,4,Sri Lanka,Australia,Sri Lanka,54.89
2008-02-29,No Info,278,200,9,Sri Lanka,Australia,4,Sri Lanka,Australia,Sri Lanka,54.89
2008-02-29,No Info,279,201,9,Sri Lanka,Australia,4,Sri Lanka,Australia,Sri Lanka,54.89
2008-02-29,No Info,280,202,9,Sri Lanka,Australia,4,Sri Lanka,Australia,Sri Lanka,54.89
2008-02-29,No Info,281,202,9,Sri Lanka,Australia,4,Sri Lanka,Australia,Sri Lanka,54.89
2008-02-29,No Info,282,203,9,Sri Lanka,Australia,4,Sri Lanka,Australia,Sri Lanka,54.89
2008-02-29,No Info,283,204,9,Sri Lanka,Australia,4,Sri Lanka,Australia,Sri Lanka,54.89
2008-02-29,No Info,284,205,9,Sri Lanka,Australia,4,Sri Lanka,Australia,Sri Lanka,54.89
2008-02-29,No Info,285,206,9,Sri Lanka,Australia,4,Sri Lanka,Australia,Sri Lanka,54.89
2008-02-29,No Info,286,206,9,Sri Lanka,Australia,4,Sri Lanka,Australia,Sri Lanka,54.89
2008-02-29,No Info,287,207,9,Sri Lanka,Australia,4,Sri Lanka,Australia,Sri Lanka,54.89
2008-02-29,No Info,288,208,9,Sri Lanka,Australia,4,Sri Lanka,Australia,Sri Lanka,54.89
2008-02-29,No Info,289,208,10,Sri Lanka,Australia,4,Sri Lanka,Australia,Sri Lanka,54.89
