Runs,Balls,Toss,Venue,Team1,Team2,Wickets,Date,RPO,form_difference,wrl,Won
8,10,0,Southampton,England,Pakistan,1,2006-09-05,4.8,3.36,0.66,0
11,10,1,Nottingham,Pakistan,England,1,2006-09-08,6.6,49.58,0.65,0
3,10,0,Birmingham,Pakistan,England,0,2006-09-10,1.8,1.97,0.0,0
9,10,0,London,Sri Lanka,England,0,2006-06-17,5.4,-5385342380.23,0.0,1
9,10,1,London,Sri Lanka,England,0,2006-06-20,5.4,-42.94,0.0,1
7,10,1,Chester-le-Street,England,Sri Lanka,0,2006-06-24,4.2,-57.86,0.0,0
13,10,1,Manchester,Sri Lanka,England,0,2006-06-28,7.8,62.73,0.0,1
1,10,1,Leeds,England,Sri Lanka,0,2006-07-01,0.6,-631.06,0.0,0
8,10,1,St Kitts,India,West Indies,1,2006-05-23,4.8,0.0,0.66,0
7,10,0,Trinidad,India,West Indies,0,2006-05-26,4.2,-2998687221.02,0.0,0
8,10,0,Trinidad,West Indies,India,1,2006-05-28,4.8,100.0,0.66,1
4,10,0,Jamaica,West Indies,Pakistan,0,2007-03-13,2.4,100.0,0.0,1
2,10,0,St Kitts,Australia,Scotland,0,2007-03-14,1.2,0.0,0.0,1
7,10,1,Trinidad,Sri Lanka,Bermuda,0,2007-03-15,4.2,0.0,0.0,1
2,10,0,Jamaica,Ireland,Zimbabwe,1,2007-03-15,1.2,0.0,0.66,0
0,10,0,St Kitts,South Africa,Netherlands,1,2007-03-16,0.0,0.0,0.66,1
5,10,0,St Lucia,England,New Zealand,1,2007-03-16,3.0,0.0,0.66,0
6,10,1,Trinidad,India,Bangladesh,0,2007-03-17,3.6,0.0,0.0,0
11,10,0,Jamaica,Pakistan,Ireland,1,2007-03-17,6.6,0.0,0.66,0
13,10,1,St Kitts,Australia,Netherlands,0,2007-03-18,7.8,0.0,0.0,1
5,10,0,St Lucia,England,Canada,0,2007-03-18,3.0,0.0,0.0,1
4,10,0,Trinidad,India,Bermuda,1,2007-03-19,2.4,0.0,0.66,1
1,10,0,Jamaica,Zimbabwe,West Indies,1,2007-03-19,0.6,0.0,0.66,0
1,10,0,St Kitts,Scotland,South Africa,0,2007-03-20,0.6,0.0,0.0,0
2,10,0,St Lucia,New Zealand,Kenya,1,2007-03-20,1.2,0.0,0.66,1
8,10,0,Trinidad,Sri Lanka,Bangladesh,0,2007-03-21,4.8,0.0,0.0,1
2,10,0,Jamaica,Pakistan,Zimbabwe,0,2007-03-21,1.2,0.0,0.0,1
3,10,0,St Kitts,Scotland,Netherlands,1,2007-03-22,1.8,0.0,0.66,0
1,10,0,St Lucia,New Zealand,Canada,0,2007-03-22,0.6,100.0,0.0,1
10,10,0,Trinidad,Sri Lanka,India,0,2007-03-23,6.0,100.0,0.0,1
7,10,1,Jamaica,Ireland,West Indies,1,2007-03-23,4.2,0.0,0.65,0
11,10,0,St Kitts,Australia,South Africa,0,2007-03-24,6.6,0.0,0.0,1
2,10,1,St Lucia,Kenya,England,0,2007-03-24,1.2,0.0,0.0,0
3,10,0,Trinidad,Bermuda,Bangladesh,1,2007-03-25,1.8,0.0,0.66,0
2,10,0,Antigua,Australia,West Indies,0,2007-03-27,1.2,20.41,0.0,1
4,10,1,Guyana,Sri Lanka,South Africa,0,2007-03-28,2.4,0.0,0.0,0
4,10,0,Antigua,West Indies,New Zealand,0,2007-03-29,2.4,0.0,0.0,0
7,10,1,Guyana,England,Ireland,1,2007-03-30,4.2,100.0,0.66,1
1,10,0,Antigua,Bangladesh,Australia,0,2007-03-31,0.6,-25.64,0.0,0
7,10,0,Guyana,Sri Lanka,West Indies,0,2007-04-01,4.2,0.0,0.0,1
0,10,0,Antigua,Bangladesh,New Zealand,0,2007-04-02,0.0,-1511842963.72,0.0,0
0,10,0,Guyana,Ireland,South Africa,0,2007-04-03,0.0,0.0,0.0,0
4,10,0,Antigua,Sri Lanka,England,0,2007-04-04,2.4,36.65,0.0,1
5,10,0,Guyana,Bangladesh,South Africa,0,2007-04-07,3.0,-2386655159.21,0.0,1
4,10,1,Antigua,England,Australia,0,2007-04-08,2.4,0.0,0.0,0
2,10,1,Guyana,New Zealand,Ireland,0,2007-04-09,1.2,100.0,0.0,1
5,10,0,Grenada,South Africa,West Indies,0,2007-04-10,3.0,100.0,0.0,1
9,10,0,Barbados,Bangladesh,England,1,2007-04-11,5.4,100.0,0.65,0
4,10,1,Grenada,New Zealand,Sri Lanka,1,2007-04-12,2.4,100.0,0.66,0
2,10,0,Barbados,Ireland,Australia,1,2007-04-13,1.2,-1203275814.83,0.66,0
2,10,0,Grenada,South Africa,New Zealand,0,2007-04-14,1.2,20.41,0.0,0
7,10,1,Barbados,Ireland,Bangladesh,0,2007-04-15,4.2,0.0,0.0,1
12,10,1,Grenada,Sri Lanka,Australia,0,2007-04-16,7.2,-25.64,0.0,0
0,10,1,Barbados,England,South Africa,0,2007-04-17,0.0,0.0,0.0,0
0,10,0,Grenada,Ireland,Sri Lanka,0,2007-04-18,0.0,100.0,0.0,0
4,10,0,Barbados,West Indies,Bangladesh,0,2007-04-19,2.4,0.0,0.0,1
11,10,1,Grenada,Australia,New Zealand,1,2007-04-20,6.6,100.0,0.66,1
8,10,0,Barbados,West Indies,England,0,2007-04-21,4.8,100.0,0.0,0
9,10,1,Jamaica,Sri Lanka,New Zealand,0,2007-04-24,5.4,100.0,0.0,1
7,10,1,St Lucia,South Africa,Australia,0,2007-04-25,4.2,-1899538841.22,0.0,0
4,10,1,Barbados,Australia,Sri Lanka,0,2007-04-28,2.4,47.09,0.0,1
12,10,1,No Info,Zimbabwe,Bangladesh,0,2006-08-06,7.2,0.0,0.0,0
3,10,1,Durban,South Africa,India,1,2006-11-22,1.8,0.0,0.65,1
1,10,1,Cape Town,South Africa,India,2,2006-11-26,0.6,100.0,1.48,1
5,10,1,Port Elizabeth,South Africa,India,1,2006-11-29,3.0,100.0,0.65,1
10,10,0,Centurion,India,South Africa,0,2006-12-03,6.0,-7284881221.45,0.0,0
13,10,1,Hobart,Australia,New Zealand,0,2007-01-14,7.8,0.0,0.0,1
1,10,1,No Info,New Zealand,Australia,0,2007-01-21,0.6,-2998687221.02,0.0,0
0,10,1,Perth,Australia,New Zealand,0,2007-01-28,0.0,100.0,0.0,1
8,10,1,No Info,New Zealand,Australia,0,2007-02-04,4.8,-7284881221.45,0.0,0
9,10,1,No Info,England,Australia,0,2007-01-12,5.4,-8796724185.17,0.0,0
5,10,1,Brisbane,England,Australia,0,2007-01-19,3.0,-10000000000.0,0.0,0
5,10,1,No Info,England,Australia,0,2007-01-26,3.0,-10000000000.0,0.0,0
10,10,1,No Info,England,Australia,0,2007-02-02,6.0,-10000000000.0,0.0,1
12,10,1,Hobart,New Zealand,England,0,2007-01-16,7.2,-2998687221.02,0.0,0
5,10,1,No Info,New Zealand,England,0,2007-01-23,3.0,-5385342380.23,0.0,1
9,10,1,Perth,New Zealand,England,0,2007-01-30,5.4,-42.94,0.0,1
2,10,1,Brisbane,England,New Zealand,1,2007-02-06,1.2,-57.86,0.65,1
7,10,1,No Info,Australia,England,0,2007-02-09,4.2,-5713805999.57,0.0,0
7,10,1,No Info,England,Australia,0,2007-02-11,4.2,100.0,0.0,1
3,10,0,Nairobi,Kenya,Bangladesh,1,2006-08-12,1.8,0.0,0.66,0
2,10,1,Nairobi,Kenya,Bangladesh,0,2006-08-13,1.2,-2998687221.02,0.0,0
6,10,0,Nairobi,Kenya,Bangladesh,1,2006-08-15,3.6,-5385342380.23,0.66,0
4,10,0,Chandigarh,Sri Lanka,Bangladesh,0,2006-10-07,2.4,-7284881221.45,0.0,1
7,10,1,Ahmedabad,Zimbabwe,West Indies,0,2006-10-08,4.2,0.0,0.0,0
6,10,1,Ahmedabad,Sri Lanka,Zimbabwe,0,2006-10-10,3.6,100.0,0.0,1
5,10,1,Jaipur,Bangladesh,West Indies,0,2006-10-11,3.0,12.1,0.0,0
0,10,0,Jaipur,Bangladesh,Zimbabwe,0,2006-10-13,0.0,100.0,0.0,1
3,10,1,Mumbai,West Indies,Sri Lanka,1,2006-10-14,1.8,20.41,0.66,0
3,10,0,Jaipur,England,India,0,2006-10-15,1.8,0.0,0.0,0
8,10,0,Mumbai,New Zealand,South Africa,0,2006-10-16,4.8,0.0,0.0,1
7,10,1,Jaipur,Sri Lanka,Pakistan,0,2006-10-17,4.2,100.0,0.0,0
2,10,1,Mumbai,West Indies,Australia,0,2006-10-18,1.2,0.0,0.0,1
7,10,1,Mumbai,New Zealand,Sri Lanka,0,2006-10-20,4.2,36.65,0.0,0
2,10,0,Jaipur,England,Australia,0,2006-10-21,1.2,0.0,0.0,0
7,10,0,Ahmedabad,South Africa,Sri Lanka,0,2006-10-24,4.2,-2386655159.21,0.0,1
4,10,0,Chandigarh,New Zealand,Pakistan,1,2006-10-25,2.4,-1203275814.83,0.65,1
6,10,0,Ahmedabad,India,West Indies,0,2006-10-26,3.6,-1203275814.83,0.0,0
2,10,1,Chandigarh,South Africa,Pakistan,2,2006-10-27,1.2,100.0,1.48,1
11,10,1,Ahmedabad,West Indies,England,0,2006-10-28,6.6,100.0,0.0,0
6,10,1,Chandigarh,India,Australia,0,2006-10-29,3.6,0.0,0.0,0
2,10,0,Chandigarh,Australia,New Zealand,0,2006-11-01,1.2,59.87,0.0,1
3,10,1,Jaipur,South Africa,West Indies,0,2006-11-02,1.8,20.41,0.0,0
15,10,1,Mumbai,West Indies,Australia,0,2006-11-05,9.0,-42.94,0.0,0
17,10,0,Centurion,South Africa,Pakistan,0,2007-02-04,10.2,0.0,0.0,1
4,10,1,Durban,Pakistan,South Africa,1,2007-02-07,2.4,-2998687221.02,0.66,1
1,10,0,Cape Town,Pakistan,South Africa,1,2007-02-11,0.6,20.41,0.66,0
5,10,1,Johannesburg,Pakistan,South Africa,1,2007-02-14,3.0,-105.23,0.66,0
7,10,1,Napier,New Zealand,Sri Lanka,0,2006-12-28,4.2,0.0,0.0,0
0,10,0,Christchurch,Sri Lanka,New Zealand,1,2007-01-02,0.0,100.0,0.65,0
2,10,1,Auckland,Sri Lanka,New Zealand,0,2007-01-06,1.2,-25.64,0.0,1
3,10,0,Wellington,Australia,New Zealand,1,2007-02-16,1.8,-2386655159.21,0.65,0
9,10,0,Auckland,Australia,New Zealand,0,2007-02-18,5.4,-4898226062.24,0.0,0
4,10,1,Hamilton,Australia,New Zealand,0,2007-02-20,2.4,-6897185343.96,0.0,0
3,10,1,Bloemfontein,Zimbabwe,South Africa,0,2006-09-15,1.8,0.0,0.0,0
9,10,1,Kuala Lumpur,India,West Indies,0,2006-09-14,5.4,0.0,0.0,0
3,10,1,Kuala Lumpur,Australia,India,0,2006-09-16,1.8,0.0,0.0,0
4,10,1,Kuala Lumpur,Australia,West Indies,0,2006-09-18,2.4,-2386655159.21,0.0,0
5,10,1,Kuala Lumpur,India,West Indies,1,2006-09-20,3.0,-4898226062.24,0.66,1
6,10,1,Kuala Lumpur,Australia,India,0,2006-09-22,3.6,-2998687221.02,0.0,1
2,10,1,Kuala Lumpur,Australia,West Indies,0,2006-09-24,1.2,-3.47,0.0,1
9,10,1,Potchefstroom,South Africa,Zimbabwe,0,2006-09-20,5.4,0.0,0.0,1
2,10,0,Faisalabad,West Indies,Pakistan,1,2006-12-07,1.2,100.0,0.66,0
1,10,0,Lahore,West Indies,Pakistan,1,2006-12-10,0.6,-2998687221.02,0.66,0
4,10,1,No Info,Pakistan,West Indies,0,2006-12-13,2.4,100.0,0.0,0
4,10,0,Karachi,West Indies,Pakistan,0,2006-12-16,2.4,-42.94,0.0,0
7,10,0,London,England,West Indies,0,2007-07-01,4.2,-2386655159.21,0.0,1
6,10,0,Birmingham,West Indies,England,0,2007-07-04,3.6,-57.86,0.0,1
7,10,1,Nottingham,West Indies,England,0,2007-07-07,4.2,47.09,0.0,1
3,10,0,Southampton,England,India,0,2007-08-21,1.8,100.0,0.0,1
10,10,1,Bristol,India,England,0,2007-08-24,6.0,-4510530184.75,0.0,1
1,10,0,Birmingham,England,India,0,2007-08-27,0.6,16.47,0.0,1
10,10,1,Manchester,India,England,0,2007-08-30,6.0,-105.23,0.0,0
0,10,0,Leeds,India,England,0,2007-09-02,0.0,-263.1,0.0,1
9,10,1,London,England,India,1,2007-09-05,5.4,17.83,0.66,0
4,10,1,London,India,England,0,2007-09-08,2.4,48.22,0.0,0
0,10,0,Potchefstroom,Bermuda,Canada,1,2006-11-27,0.0,0.0,0.66,0
6,10,1,Benoni,Netherlands,Bermuda,0,2006-12-02,3.6,0.0,0.0,0
7,10,0,Benoni,Bermuda,Canada,1,2006-11-30,4.2,20.41,0.66,0
9,10,0,Benoni,Canada,Netherlands,0,2006-12-01,5.4,100.0,0.0,0
1,10,1,East London,Zimbabwe,South Africa,1,2006-09-18,0.6,0.0,0.65,0
7,10,0,Bogra,Zimbabwe,Bangladesh,1,2006-12-03,4.2,0.0,0.66,0
16,10,0,Bogra,Bangladesh,Zimbabwe,0,2006-12-05,9.6,100.0,0.0,1
2,10,0,Mirpur,Zimbabwe,Bangladesh,0,2006-12-08,1.2,-5385342380.23,0.0,0
8,10,0,Mirpur,Zimbabwe,Bangladesh,0,2006-12-09,4.8,-7284881221.45,0.0,0
22,10,0,Nairobi,Canada,Bermuda,0,2007-02-02,13.2,0.0,0.0,1
5,10,0,Nairobi,Bermuda,Netherlands,0,2007-02-04,3.0,0.0,0.0,0
4,10,1,Nairobi,Scotland,Kenya,0,2007-02-04,2.4,0.0,0.0,1
4,10,1,Nairobi,Kenya,Canada,0,2007-02-05,2.4,-1899538841.22,0.0,1
7,10,0,Chennai,India,West Indies,0,2007-01-27,4.2,0.0,0.0,0
7,10,0,Vadodara,India,West Indies,0,2007-01-31,4.2,-2998687221.02,0.0,1
6,10,0,Rajkot,Sri Lanka,India,0,2007-02-11,3.6,-2998687221.02,0.0,1
6,10,0,Visakhapatnam,Sri Lanka,India,0,2007-02-17,3.6,20.41,0.0,0
3,10,1,Margao,Sri Lanka,India,0,2007-02-14,1.8,-105.23,0.0,0
4,10,0,Glasgow,Scotland,India,0,2007-08-16,2.4,-6897185343.96,0.0,0
0,10,1,Mirpur,Bangladesh,India,0,2007-05-10,0.0,-8488157036.28,0.0,0
7,10,1,Mirpur,India,Bangladesh,0,2007-05-12,4.2,100.0,0.0,1
19,10,1,Bangalore,Asia XI,Africa XI,0,2007-06-06,11.4,0.0,0.0,1
12,10,1,Chennai,Asia XI,Africa XI,0,2007-06-09,7.2,100.0,0.0,1
8,10,1,Chennai,Asia XI,Africa XI,0,2007-06-10,4.8,100.0,0.0,1
4,10,1,No Info,Sri Lanka,England,0,2007-10-01,2.4,0.0,0.0,1
1,10,1,No Info,England,Sri Lanka,0,2007-10-04,0.6,-2998687221.02,0.0,1
5,10,1,Colombo,Sri Lanka,England,0,2007-10-10,3.0,-25.64,0.0,0
10,10,1,Colombo,Sri Lanka,England,0,2007-10-13,6.0,-183.51,0.0,1
2,10,1,No Info,New Zealand,Australia,0,2007-12-14,1.2,0.0,0.0,0
8,10,0,Hobart,Australia,New Zealand,0,2007-12-20,4.8,100.0,0.0,1
4,10,1,Brisbane,India,Australia,0,2008-02-03,2.4,-5385342380.23,0.0,0
10,10,1,No Info,Australia,Sri Lanka,0,2008-02-08,6.0,64.73,0.0,1
6,10,1,No Info,Australia,India,1,2008-02-10,3.6,100.0,0.66,0
8,10,1,Perth,Australia,Sri Lanka,0,2008-02-15,4.8,100.0,0.0,1
6,10,1,No Info,Australia,India,0,2008-02-17,3.6,60.88,0.0,1
6,10,1,No Info,Sri Lanka,India,1,2008-02-19,3.6,-1899538841.22,0.66,0
4,10,0,No Info,Australia,Sri Lanka,0,2008-02-22,2.4,100.0,0.0,1
13,10,1,No Info,Australia,India,0,2008-02-24,7.8,44.0,0.0,1
9,10,0,Hobart,Sri Lanka,India,0,2008-02-26,5.4,-1899538841.22,0.0,0
10,10,1,No Info,Sri Lanka,Australia,0,2008-02-29,6.0,-5489469815.25,0.0,1
9,10,1,No Info,Australia,India,0,2008-03-02,5.4,-5.23,0.0,0
7,10,1,Brisbane,India,Australia,0,2008-03-04,4.2,44.57,0.0,1
6,10,0,Belfast,Ireland,India,0,2007-06-23,3.6,-6897185343.96,0.0,0
11,10,0,Belfast,South Africa,Ireland,0,2007-06-24,6.6,0.0,0.0,1
5,10,0,Belfast,India,South Africa,0,2007-06-26,3.0,48.28,0.0,0
0,10,0,Belfast,South Africa,India,0,2007-06-29,0.0,14.31,0.0,0
6,10,0,Belfast,South Africa,India,0,2007-07-01,3.6,-33.31,0.0,0
7,10,0,Colombo,Sri Lanka,Bangladesh,0,2007-07-20,4.2,0.0,0.0,1
6,10,0,Colombo,Bangladesh,Sri Lanka,0,2007-07-23,3.6,-2998687221.02,0.0,0
4,10,0,Colombo,Sri Lanka,Bangladesh,0,2007-07-25,2.4,100.0,0.0,1
5,10,0,Nairobi,Canada,Kenya,1,2007-10-18,3.0,0.0,0.66,0
9,10,1,Nairobi,Canada,Kenya,0,2007-10-20,5.4,-2998687221.02,0.0,0
12,10,0,Chester-le-Street,England,New Zealand,0,2008-06-15,7.2,0.0,0.0,1
2,10,0,Birmingham,England,New Zealand,1,2008-06-18,1.2,100.0,0.65,0
2,10,0,Bristol,New Zealand,England,0,2008-06-21,1.2,-2386655159.21,0.0,1
5,10,0,London,England,New Zealand,0,2008-06-25,3.0,-57.86,0.0,0
3,10,0,London,New Zealand,England,0,2008-06-28,1.8,71.93,0.0,1
8,10,1,Leeds,England,South Africa,0,2008-08-22,4.8,100.0,0.0,1
4,10,1,Nottingham,South Africa,England,0,2008-08-26,2.4,-2998687221.02,0.0,0
1,10,0,London,England,South Africa,0,2008-08-29,0.6,100.0,0.0,1
8,10,0,London,South Africa,England,0,2008-08-31,4.8,-7284881221.45,0.0,0
11,10,1,Bangalore,Australia,India,0,2007-09-29,6.6,0.0,0.0,0
4,10,0,Kochi,Australia,India,1,2007-10-02,2.4,0.0,0.66,1
10,10,1,Hyderabad,Australia,India,0,2007-10-05,6.0,100.0,0.0,1
5,10,1,Chandigarh,India,Australia,0,2007-10-08,3.0,-5385342380.23,0.0,1
5,10,1,Vadodara,India,Australia,2,2007-10-11,3.0,-42.94,1.47,0
11,10,1,Nagpur,Australia,India,1,2007-10-14,6.6,62.77,0.66,1
6,10,1,Mumbai,Australia,India,1,2007-10-17,3.6,76.55,0.66,0
15,10,1,Guwahati,Pakistan,India,0,2007-11-05,9.0,-4510530184.75,0.0,0
8,10,1,Chandigarh,India,Pakistan,1,2007-11-08,4.8,100.0,0.65,0
8,10,0,Kanpur,India,Pakistan,0,2007-11-11,4.8,30.04,0.0,1
1,10,1,Gwalior,Pakistan,India,1,2007-11-15,0.6,-168.58,0.66,0
4,10,0,Jaipur,Pakistan,India,0,2007-11-18,2.4,-326.44,0.0,1
2,10,0,Durban,New Zealand,South Africa,0,2007-11-25,1.2,0.0,0.0,0
5,10,1,Port Elizabeth,South Africa,New Zealand,1,2007-11-30,3.0,100.0,0.66,0
6,10,1,Cape Town,New Zealand,South Africa,0,2007-12-02,3.6,20.41,0.0,0
5,10,0,Centurion,West Indies,South Africa,0,2008-01-20,3.0,-4898226062.24,0.0,0
2,10,1,Cape Town,South Africa,West Indies,0,2008-01-25,1.2,100.0,0.0,1
3,10,1,Port Elizabeth,West Indies,South Africa,0,2008-01-27,1.8,-8488157036.28,0.0,0
2,10,1,Durban,West Indies,South Africa,0,2008-02-01,1.2,-8796724185.17,0.0,0
9,10,0,Johannesburg,West Indies,South Africa,0,2008-02-03,5.4,-10000000000.0,0.0,0
3,10,1,Lahore,South Africa,Pakistan,0,2007-10-18,1.8,100.0,0.0,1
2,10,1,Lahore,Pakistan,South Africa,1,2007-10-20,1.2,-10000000000.0,0.66,1
8,10,1,Faisalabad,South Africa,Pakistan,0,2007-10-23,4.8,57.17,0.0,0
2,10,1,No Info,Pakistan,South Africa,1,2007-10-26,1.2,14.31,0.65,0
8,10,1,Lahore,South Africa,Pakistan,1,2007-10-29,4.8,24.99,0.66,1
0,10,0,Auckland,Bangladesh,New Zealand,0,2007-12-26,0.0,0.0,0.0,0
7,10,1,Napier,New Zealand,Bangladesh,0,2007-12-28,4.2,100.0,0.0,1
2,10,0,No Info,Bangladesh,New Zealand,0,2007-12-31,1.2,-5385342380.23,0.0,0
2,10,1,Wellington,England,New Zealand,0,2008-02-09,1.2,-7284881221.45,0.0,0
7,10,0,Hamilton,England,New Zealand,0,2008-02-12,4.2,-8796724185.17,0.0,0
7,10,0,Auckland,New Zealand,England,0,2008-02-15,4.2,100.0,0.0,0
9,10,0,Napier,England,New Zealand,0,2008-02-20,5.4,-133.48,0.0,0
5,10,0,Christchurch,England,New Zealand,0,2008-02-23,3.0,-93.35,0.0,0
5,10,1,Bulawayo,Zimbabwe,South Africa,0,2007-08-22,3.0,0.0,0.0,0
2,10,0,No Info,Zimbabwe,South Africa,0,2007-08-25,1.2,-2998687221.02,0.0,0
6,10,1,No Info,South Africa,Zimbabwe,0,2007-08-26,3.6,100.0,0.0,1
4,10,0,Nairobi,Bermuda,Kenya,0,2007-10-25,2.4,0.0,0.0,0
4,10,1,Nairobi,Bermuda,Kenya,1,2007-10-27,2.4,-2998687221.02,0.65,0
1,10,1,Nairobi,Bermuda,Kenya,0,2007-10-28,0.6,-5385342380.23,0.0,0
6,10,0,No Info,Zimbabwe,West Indies,0,2007-11-30,3.6,0.0,0.0,1
4,10,0,No Info,West Indies,Zimbabwe,1,2007-12-02,2.4,-2998687221.02,0.66,1
1,10,0,Bulawayo,Zimbabwe,West Indies,0,2007-12-07,0.6,-25.64,0.0,0
2,10,0,Trinidad,Sri Lanka,West Indies,1,2008-04-10,1.2,-5385342380.23,0.65,0
12,10,0,Trinidad,Sri Lanka,West Indies,0,2008-04-12,7.2,-7284881221.45,0.0,0
5,10,0,St Lucia,Sri Lanka,West Indies,1,2008-04-15,3.0,-8796724185.17,0.66,0
8,10,0,St Vincent,Australia,West Indies,0,2008-06-24,4.8,-7001312778.98,0.0,1
4,10,1,Grenada,Australia,West Indies,1,2008-06-27,2.4,-53.89,0.66,1
6,10,0,Grenada,West Indies,Australia,0,2008-06-29,3.6,-98.35,0.0,0
8,10,0,St Kitts,Australia,West Indies,0,2008-07-04,4.8,83.48,0.0,1
7,10,1,St Kitts,Australia,West Indies,0,2008-07-06,4.2,100.0,0.0,1
9,10,1,No Info,Bangladesh,South Africa,0,2008-03-09,5.4,0.0,0.0,0
2,10,1,Mirpur,Bangladesh,South Africa,1,2008-03-12,1.2,-2998687221.02,0.65,0
3,10,1,Mirpur,Bangladesh,South Africa,0,2008-03-14,1.8,-5385342380.23,0.0,0
9,10,0,King City,Bermuda,Canada,1,2008-06-29,5.4,0.0,0.66,1
6,10,0,Ayr,Kenya,Scotland,0,2008-08-12,3.6,0.0,0.0,0
4,10,1,Dublin,Netherlands,Scotland,1,2008-07-29,2.4,0.0,0.66,0
9,10,0,Dublin,Scotland,Ireland,0,2008-07-31,5.4,100.0,0.0,0
13,10,1,Nairobi,Zimbabwe,Ireland,0,2008-10-17,7.8,-2998687221.02,0.0,1
11,10,0,Karachi,Pakistan,Zimbabwe,0,2008-01-21,6.6,-2998687221.02,0.0,1
3,10,1,Sind,Zimbabwe,Pakistan,0,2008-01-24,1.8,-25.64,0.0,0
2,10,1,No Info,Pakistan,Zimbabwe,0,2008-01-27,1.2,64.73,0.0,1
2,10,1,Faisalabad,Zimbabwe,Pakistan,0,2008-01-30,1.2,-381.85,0.0,0
11,10,1,No Info,Zimbabwe,Pakistan,0,2008-02-02,6.6,-631.06,0.0,0
8,10,1,Lahore,Bangladesh,United Arab Emirates,0,2008-06-24,4.8,0.0,0.0,1
3,10,1,Karachi,Pakistan,Hong Kong,1,2008-06-24,1.8,100.0,0.65,1
10,10,0,Lahore,Sri Lanka,Bangladesh,0,2008-06-25,6.0,-2386655159.21,0.0,1
11,10,1,Karachi,India,Hong Kong,0,2008-06-25,6.6,0.0,0.0,1
3,10,1,Lahore,Sri Lanka,United Arab Emirates,1,2008-06-26,1.8,100.0,0.66,1
4,10,1,Karachi,Pakistan,India,0,2008-06-26,2.4,-57.86,0.0,0
8,10,1,Karachi,Bangladesh,India,0,2008-06-28,4.8,-4898226062.24,0.0,0
9,10,0,Karachi,Sri Lanka,Pakistan,0,2008-06-29,5.4,100.0,0.0,1
9,10,1,Karachi,Sri Lanka,Bangladesh,0,2008-06-30,5.4,100.0,0.0,1
11,10,1,Karachi,India,Pakistan,0,2008-07-02,6.6,100.0,0.0,0
6,10,1,Karachi,Sri Lanka,India,0,2008-07-03,3.6,36.65,0.0,0
6,10,1,Karachi,Bangladesh,Pakistan,1,2008-07-04,3.6,-2386655159.21,0.65,0
11,10,0,Karachi,Sri Lanka,India,1,2008-07-06,6.6,12.1,0.65,1
12,10,0,Darwin,Australia,Bangladesh,0,2008-08-30,7.2,0.0,0.0,1
2,10,1,Darwin,Bangladesh,Australia,1,2008-09-03,1.2,-2998687221.02,0.66,0
4,10,1,Darwin,Australia,Bangladesh,0,2008-09-06,2.4,100.0,0.0,1
2,10,1,No Info,India,Sri Lanka,1,2008-08-18,1.2,-1511842963.72,0.66,0
4,10,0,No Info,Sri Lanka,India,0,2008-08-20,2.4,100.0,0.0,0
12,10,1,Colombo,India,Sri Lanka,0,2008-08-24,7.2,20.41,0.0,1
1,10,1,Colombo,Sri Lanka,India,1,2008-08-29,0.6,-183.51,0.65,1
1,10,1,Lahore,Pakistan,Bangladesh,0,2008-04-08,0.6,0.0,0.0,1
10,10,1,Faisalabad,Bangladesh,Pakistan,0,2008-04-11,6.0,-2998687221.02,0.0,0
3,10,1,Lahore,Pakistan,Bangladesh,0,2008-04-13,1.8,100.0,0.0,1
6,10,1,No Info,Bangladesh,Pakistan,1,2008-04-16,3.6,-7284881221.45,0.65,0
10,10,1,Karachi,Pakistan,Bangladesh,0,2008-04-19,6.0,100.0,0.0,1
7,10,0,Mirpur,Pakistan,Bangladesh,0,2008-06-08,4.2,100.0,0.0,1
10,10,1,Mirpur,India,Pakistan,0,2008-06-10,6.0,-10000000000.0,0.0,1
3,10,1,Mirpur,Bangladesh,India,1,2008-06-12,1.8,-2998687221.02,0.66,0
7,10,1,Mirpur,Pakistan,India,0,2008-06-14,4.2,-16.7,0.0,1
5,10,0,London,Australia,England,0,2009-09-04,3.0,0.0,0.0,1
3,10,0,London,Australia,England,0,2009-09-06,1.8,100.0,0.0,1
1,10,1,Southampton,England,Australia,0,2009-09-09,0.6,-5385342380.23,0.0,0
6,10,1,London,England,Australia,0,2009-09-12,3.6,-7284881221.45,0.0,0
0,10,1,Nottingham,England,Australia,0,2009-09-15,0.0,-8796724185.17,0.0,0
11,10,1,Nottingham,Australia,England,0,2009-09-17,6.6,100.0,0.0,1
1,10,0,Chester-le-Street,Australia,England,1,2009-09-20,0.6,100.0,0.66,0
6,10,1,Potchefstroom,South Africa,Bangladesh,0,2008-11-07,3.6,0.0,0.0,1
2,10,1,Durban,Australia,South Africa,1,2009-04-03,1.2,35.02,0.65,1
2,10,1,Centurion,Australia,South Africa,1,2009-04-05,1.2,58.23,0.66,0
5,10,1,Cape Town,South Africa,Australia,0,2009-04-09,3.0,26.71,0.0,1
5,10,0,Port Elizabeth,South Africa,Australia,0,2009-04-13,3.0,72.46,0.0,1
6,10,0,Johannesburg,Australia,South Africa,0,2009-04-17,3.6,-461.44,0.0,1
7,10,1,No Info,Australia,South Africa,0,2009-01-16,4.2,-37.98,0.0,0
6,10,0,Hobart,Australia,South Africa,0,2009-01-18,3.6,-219.0,0.0,1
7,10,1,No Info,Australia,South Africa,0,2009-01-23,4.2,-4.16,0.0,0
9,10,1,No Info,Australia,South Africa,0,2009-01-26,5.4,-56.51,0.0,0
13,10,1,Perth,South Africa,Australia,0,2009-01-30,7.8,55.01,0.0,1
7,10,1,Perth,Australia,New Zealand,0,2009-02-01,4.2,100.0,0.0,0
2,10,0,No Info,Australia,New Zealand,0,2009-02-06,1.2,-149.21,0.0,0
2,10,0,No Info,Australia,New Zealand,0,2009-02-08,1.2,-5385342380.23,0.0,1
4,10,1,No Info,New Zealand,Australia,0,2009-02-10,2.4,30.04,0.0,0
4,10,0,Brisbane,Australia,New Zealand,0,2009-02-13,2.4,36.65,0.0,0
9,10,1,Guyana,England,West Indies,0,2009-03-20,5.4,0.0,0.0,1
2,10,1,Guyana,West Indies,England,0,2009-03-22,1.2,-2998687221.02,0.0,1
4,10,0,Barbados,England,West Indies,0,2009-03-27,2.4,-25.64,0.0,0
0,10,0,Barbados,West Indies,England,0,2009-03-29,0.0,64.73,0.0,0
8,10,0,St Lucia,England,West Indies,1,2009-04-03,4.8,4.97,0.66,1
3,10,1,Bloemfontein,South Africa,Kenya,0,2008-10-31,1.8,0.0,0.0,1
8,10,0,Rajkot,India,England,0,2008-11-14,4.8,-4286194000.43,0.0,1
4,10,1,Indore,India,England,1,2008-11-17,2.4,-13.76,0.65,1
4,10,1,Kanpur,England,India,0,2008-11-20,2.4,-98.35,0.0,0
6,10,0,Bangalore,India,England,0,2008-11-23,3.6,83.48,0.0,1
9,10,0,Cuttack,England,India,0,2008-11-26,5.4,-8796724185.17,0.0,0
6,10,1,Colombo,India,Sri Lanka,0,2008-08-27,3.6,100.0,0.0,1
9,10,1,Napier,India,New Zealand,0,2009-03-03,5.4,100.0,0.0,1
12,10,1,Hamilton,New Zealand,India,0,2009-03-11,7.2,-10000000000.0,0.0,0
11,10,1,Auckland,India,New Zealand,0,2009-03-14,6.6,100.0,0.0,0
10,10,0,Christchurch,India,New Zealand,0,2009-03-08,6.0,57.17,0.0,1
11,10,0,Wellington,West Indies,New Zealand,1,2009-01-07,6.6,-2386655159.21,0.66,0
4,10,1,Abu Dhabi,West Indies,Pakistan,0,2008-11-12,2.4,0.0,0.0,0
7,10,1,Abu Dhabi,Pakistan,West Indies,0,2008-11-14,4.2,100.0,0.0,1
4,10,0,No Info,Zimbabwe,Sri Lanka,0,2008-11-20,2.4,0.0,0.0,0
10,10,1,No Info,Zimbabwe,Sri Lanka,0,2008-11-22,6.0,-2998687221.02,0.0,0
8,10,0,No Info,Sri Lanka,Zimbabwe,0,2008-11-24,4.8,100.0,0.0,1
5,10,0,No Info,Sri Lanka,Zimbabwe,0,2008-11-30,3.0,100.0,0.0,1
10,10,1,Jamaica,India,West Indies,0,2009-06-26,6.0,0.0,0.0,1
7,10,1,Jamaica,India,West Indies,2,2009-06-28,4.2,100.0,1.46,0
10,10,0,St Lucia,West Indies,India,0,2009-07-03,6.0,20.41,0.0,0
6,10,0,Mirpur,Zimbabwe,Bangladesh,0,2009-01-10,3.6,0.0,0.0,1
4,10,0,Mirpur,Sri Lanka,Bangladesh,1,2009-01-14,2.4,100.0,0.65,0
3,10,0,Mirpur,Zimbabwe,Bangladesh,1,2009-01-23,1.8,-25.64,0.66,0
1,10,0,Bristol,West Indies,England,0,2009-05-24,0.6,100.0,0.0,0
9,10,0,Birmingham,England,West Indies,0,2009-05-26,5.4,100.0,0.0,1
2,10,1,Belfast,England,Ireland,0,2009-08-27,1.2,100.0,0.0,1
5,10,1,Nairobi,Kenya,Zimbabwe,1,2009-01-31,3.0,0.0,0.66,0
7,10,1,Karachi,Sri Lanka,Pakistan,0,2009-01-20,4.2,0.0,0.0,0
11,10,0,Karachi,Sri Lanka,Pakistan,0,2009-01-21,6.6,-2998687221.02,0.0,1
0,10,1,Lahore,Sri Lanka,Pakistan,0,2009-01-24,0.0,20.41,0.0,1
6,10,0,No Info,Sri Lanka,India,1,2009-01-28,3.6,100.0,0.65,0
10,10,1,Colombo,India,Sri Lanka,0,2009-01-31,6.0,-42.94,0.0,1
9,10,1,Colombo,India,Sri Lanka,0,2009-02-03,5.4,36.65,0.0,1
12,10,1,Colombo,India,Sri Lanka,0,2009-02-05,7.2,62.73,0.0,1
3,10,1,Colombo,Sri Lanka,India,0,2009-02-08,1.8,-631.06,0.0,1
8,10,0,Centurion,South Africa,England,0,2009-11-22,4.8,0.0,0.0,0
7,10,1,Cape Town,South Africa,England,0,2009-11-27,4.2,-2998687221.02,0.0,1
6,10,1,Port Elizabeth,South Africa,England,1,2009-11-29,3.6,20.41,0.65,0
8,10,0,Benoni,Scotland,Ireland,1,2009-04-01,4.8,0.0,0.66,0
3,10,0,Benoni,Canada,Scotland,0,2009-04-08,1.8,0.0,0.0,1
12,10,1,Benoni,Afghanistan,Scotland,0,2009-04-19,7.2,0.0,0.0,1
3,10,1,No Info,Australia,Pakistan,0,2009-04-22,1.8,0.0,0.0,0
4,10,1,No Info,Pakistan,Australia,0,2009-04-24,2.4,100.0,0.0,0
16,10,1,Abu Dhabi,Australia,Pakistan,0,2009-04-27,9.6,20.41,0.0,1
8,10,1,Abu Dhabi,Pakistan,Australia,1,2009-05-01,4.8,-183.51,0.65,0
7,10,1,Abu Dhabi,Australia,Pakistan,0,2009-05-03,4.2,79.25,0.0,0
10,10,0,Dominica,Bangladesh,West Indies,1,2009-07-26,6.0,0.0,0.66,1
3,10,1,Dominica,West Indies,Bangladesh,0,2009-07-28,1.8,-2998687221.02,0.0,0
6,10,1,St Kitts,West Indies,Bangladesh,1,2009-07-31,3.6,-5385342380.23,0.66,0
6,10,0,No Info,Sri Lanka,Pakistan,0,2009-07-30,3.6,-1511842963.72,0.0,1
3,10,0,No Info,Pakistan,Sri Lanka,1,2009-08-01,1.8,-149.21,0.66,0
9,10,0,No Info,Pakistan,Sri Lanka,1,2009-08-03,5.4,-5385342380.23,0.65,0
8,10,1,Colombo,Pakistan,Sri Lanka,0,2009-08-07,4.8,-7284881221.45,0.0,1
8,10,1,Colombo,Pakistan,Sri Lanka,1,2009-08-09,4.8,-93.35,0.66,1
5,10,1,Colombo,Sri Lanka,New Zealand,2,2009-09-08,3.0,100.0,1.46,1
14,10,1,Colombo,Sri Lanka,India,0,2009-09-12,8.4,100.0,0.0,1
1,10,1,Colombo,New Zealand,India,1,2009-09-11,0.6,0.0,0.65,0
10,10,1,Colombo,India,Sri Lanka,0,2009-09-14,6.0,-42.94,0.0,1
6,10,0,No Info,Australia,West Indies,0,2010-02-07,3.6,0.0,0.0,1
2,10,1,No Info,West Indies,Australia,1,2010-02-09,1.2,-2998687221.02,0.66,0
5,10,0,No Info,Australia,West Indies,0,2010-02-12,3.0,100.0,0.0,0
16,10,0,Brisbane,Australia,West Indies,0,2010-02-14,9.6,100.0,0.0,1
3,10,1,No Info,Australia,West Indies,0,2010-02-19,1.8,100.0,0.0,1
8,10,1,Brisbane,Pakistan,Australia,0,2010-01-22,4.8,-8100461158.78,0.0,0
14,10,0,No Info,Australia,Pakistan,0,2010-01-24,8.4,100.0,0.0,1
2,10,1,No Info,Australia,Pakistan,0,2010-01-26,1.2,100.0,0.0,1
2,10,1,Perth,Australia,Pakistan,0,2010-01-29,1.2,100.0,0.0,1
0,10,1,Perth,Pakistan,Australia,1,2010-01-31,0.0,-10000000000.0,0.66,0
1,10,0,Bulawayo,Zimbabwe,Bangladesh,1,2009-08-09,0.6,0.0,0.66,0
14,10,0,Bulawayo,Bangladesh,Zimbabwe,0,2009-08-11,8.4,100.0,0.0,1
6,10,0,Bulawayo,Zimbabwe,Bangladesh,1,2009-08-14,3.6,-5385342380.23,0.65,1
5,10,1,Bulawayo,Zimbabwe,Bangladesh,1,2009-08-16,3.0,-42.94,0.65,0
5,10,1,Bulawayo,Zimbabwe,Bangladesh,0,2009-08-18,3.0,-168.58,0.0,0
1,10,0,Toronto,Kenya,Canada,0,2009-08-19,0.6,0.0,0.0,0
14,10,0,Centurion,Sri Lanka,South Africa,0,2009-09-22,8.4,0.0,0.0,1
3,10,1,Johannesburg,West Indies,Pakistan,1,2009-09-23,1.8,0.0,0.66,0
3,10,0,Centurion,New Zealand,South Africa,0,2009-09-24,1.8,0.0,0.0,0
7,10,0,Johannesburg,Sri Lanka,England,0,2009-09-25,4.2,100.0,0.0,0
7,10,0,Johannesburg,Australia,West Indies,1,2009-09-26,4.2,0.0,0.66,1
10,10,1,Centurion,Pakistan,India,0,2009-09-26,6.0,100.0,0.0,1
4,10,0,Johannesburg,New Zealand,Sri Lanka,0,2009-09-27,2.4,0.0,0.0,1
12,10,1,Centurion,England,South Africa,0,2009-09-27,7.2,20.41,0.0,1
1,10,0,Johannesburg,England,New Zealand,1,2009-09-29,0.6,43.2,0.66,0
7,10,0,Centurion,Pakistan,Australia,0,2009-09-30,4.2,20.41,0.0,0
0,10,0,Johannesburg,West Indies,India,1,2009-09-30,0.0,0.0,0.66,0
14,10,1,Centurion,England,Australia,0,2009-10-02,8.4,-57.86,0.0,0
6,10,1,Johannesburg,Pakistan,New Zealand,0,2009-10-03,3.6,-1511842963.72,0.0,0
3,10,1,Centurion,New Zealand,Australia,0,2009-10-05,1.8,7.22,0.0,0
5,10,1,Vadodara,Australia,India,1,2009-10-25,3.0,75.22,0.65,1
9,10,0,Nagpur,India,Australia,0,2009-10-28,5.4,-473.2,0.0,1
8,10,1,Delhi,Australia,India,0,2009-10-31,4.8,45.37,0.0,0
3,10,0,Chandigarh,Australia,India,0,2009-11-02,1.8,-57.86,0.0,1
8,10,1,Hyderabad,Australia,India,0,2009-11-05,4.8,24.99,0.0,1
7,10,1,Guwahati,India,Australia,2,2009-11-08,4.2,-93.14,1.47,0
0,10,0,Mirpur,Bangladesh,Zimbabwe,1,2009-10-27,0.0,0.0,0.65,0
3,10,1,Mirpur,Zimbabwe,Bangladesh,0,2009-10-29,1.8,100.0,0.0,0
2,10,0,Mirpur,Zimbabwe,Bangladesh,0,2009-10-31,1.2,-25.64,0.0,0
3,10,1,Chittagong,Zimbabwe,Bangladesh,2,2009-11-03,1.8,-183.51,1.46,0
1,10,0,Chittagong,Zimbabwe,Bangladesh,0,2009-11-05,0.6,-381.85,0.0,0
1,10,1,Napier,New Zealand,Bangladesh,0,2010-02-05,0.6,-8796724185.17,0.0,1
5,10,0,Dunedin,Bangladesh,New Zealand,0,2010-02-08,3.0,57.17,0.0,0
8,10,0,Christchurch,Bangladesh,New Zealand,1,2010-02-11,4.8,-16.7,0.66,0
14,10,1,Napier,Australia,New Zealand,0,2010-03-03,8.4,-7284881221.45,0.0,0
4,10,1,Auckland,Australia,New Zealand,0,2010-03-06,2.4,-8796724185.17,0.0,1
13,10,0,Hamilton,New Zealand,Australia,1,2010-03-09,7.8,57.17,0.66,0
11,10,0,Auckland,New Zealand,Australia,0,2010-03-11,6.6,-16.7,0.0,0
4,10,0,Wellington,New Zealand,Australia,0,2010-03-13,2.4,-168.31,0.0,1
8,10,1,Dublin,Australia,Ireland,0,2010-06-17,4.8,100.0,0.0,1
2,10,1,Southampton,Australia,England,0,2010-06-22,1.2,100.0,0.0,0
17,10,1,Cardiff,Australia,England,0,2010-06-24,10.2,41.22,0.0,0
9,10,0,Manchester,Australia,England,0,2010-06-27,5.4,-73.56,0.0,0
9,10,0,London,Australia,England,0,2010-06-30,5.4,-381.85,0.0,1
1,10,1,London,Australia,England,0,2010-07-03,0.6,-37.98,0.0,1
20,10,1,Nottingham,Bangladesh,England,0,2010-07-08,12.0,-4614657619.77,0.0,0
5,10,0,Bristol,Bangladesh,England,0,2010-07-10,3.0,-5713805999.57,0.0,1
6,10,0,Birmingham,England,Bangladesh,1,2010-07-12,3.6,16.47,0.66,1
6,10,0,Mirpur,Bangladesh,England,0,2010-02-28,3.6,-105.23,0.0,0
7,10,0,Mirpur,Bangladesh,England,0,2010-03-02,4.2,-263.1,0.0,0
11,10,0,Chittagong,England,Bangladesh,0,2010-03-05,6.6,82.19,0.0,1
8,10,0,Chester-le-Street,England,Pakistan,0,2010-09-10,4.8,100.0,0.0,1
10,10,1,Leeds,Pakistan,England,0,2010-09-12,6.0,-10000000000.0,0.0,0
8,10,1,London,Pakistan,England,0,2010-09-17,4.8,-10000000000.0,0.0,1
3,10,1,London,Pakistan,England,0,2010-09-20,1.8,-133.48,0.0,1
6,10,1,Southampton,England,Pakistan,0,2010-09-22,3.6,-16.7,0.0,1
0,10,1,Abu Dhabi,Pakistan,New Zealand,1,2009-11-03,0.0,100.0,0.66,1
5,10,1,Abu Dhabi,New Zealand,Pakistan,0,2009-11-06,3.0,-6410069025.96,0.0,1
7,10,1,Abu Dhabi,New Zealand,Pakistan,0,2009-11-09,4.2,-70.13,0.0,1
6,10,0,Benoni,South Africa,Zimbabwe,0,2009-11-08,3.6,0.0,0.0,1
8,10,0,Centurion,South Africa,Zimbabwe,0,2009-11-10,4.8,100.0,0.0,1
6,10,0,Rajkot,India,Sri Lanka,0,2009-12-15,3.6,0.0,0.0,1
4,10,1,Nagpur,India,Sri Lanka,1,2009-12-18,2.4,100.0,0.66,0
27,10,1,Cuttack,Sri Lanka,India,0,2009-12-21,16.2,20.41,0.0,0
1,10,1,Kolkata,Sri Lanka,India,0,2009-12-24,0.6,-105.23,0.0,0
17,10,0,Mirpur,India,Bangladesh,0,2011-02-19,10.2,100.0,0.0,1
4,10,1,Chennai,Kenya,New Zealand,0,2011-02-20,2.4,0.0,0.0,0
8,10,1,Hambantota,Sri Lanka,Canada,0,2011-02-20,4.8,100.0,0.0,1
4,10,1,Ahmedabad,Australia,Zimbabwe,0,2011-02-21,2.4,0.0,0.0,1
7,10,1,Nagpur,Netherlands,England,0,2011-02-22,4.2,0.0,0.0,0
6,10,1,Hambantota,Pakistan,Kenya,0,2011-02-23,3.6,0.0,0.0,1
8,10,0,Delhi,West Indies,South Africa,1,2011-02-24,4.8,0.0,0.65,0
2,10,0,Nagpur,New Zealand,Australia,0,2011-02-25,1.2,-1511842963.72,0.0,0
16,10,1,Mirpur,Bangladesh,Ireland,0,2011-02-25,9.6,0.0,0.0,1
12,10,1,Colombo,Pakistan,Sri Lanka,0,2011-02-26,7.2,100.0,0.0,1
16,10,1,Bangalore,India,England,0,2011-02-27,9.6,0.0,0.0,0
14,10,0,Delhi,West Indies,Netherlands,0,2011-02-28,8.4,0.0,0.0,1
4,10,1,Nagpur,Zimbabwe,Canada,1,2011-02-28,2.4,0.0,0.66,1
6,10,1,Colombo,Kenya,Sri Lanka,1,2011-03-01,3.6,0.0,0.65,0
10,10,1,Bangalore,England,Ireland,0,2011-03-02,6.0,0.0,0.0,0
9,10,0,Chandigarh,South Africa,Netherlands,0,2011-03-03,5.4,0.0,0.0,1
12,10,1,Colombo,Pakistan,Canada,0,2011-03-03,7.2,0.0,0.0,1
6,10,1,Ahmedabad,Zimbabwe,New Zealand,1,2011-03-04,3.6,100.0,0.65,0
9,10,1,Mirpur,Bangladesh,West Indies,1,2011-03-04,5.4,0.0,0.65,0
5,10,0,Bangalore,Ireland,India,1,2011-03-06,3.0,100.0,0.66,0
5,10,1,Chennai,England,South Africa,2,2011-03-06,3.0,-1203275814.83,1.47,1
0,10,1,Delhi,Kenya,Canada,1,2011-03-07,0.0,0.0,0.66,0
9,10,1,No Info,New Zealand,Pakistan,1,2011-03-08,5.4,100.0,0.66,1
8,10,1,Delhi,Netherlands,India,0,2011-03-09,4.8,-1511842963.72,0.0,0
24,10,0,No Info,Sri Lanka,Zimbabwe,0,2011-03-10,14.4,0.0,0.0,1
0,10,0,Chandigarh,West Indies,Ireland,0,2011-03-11,0.0,0.0,0.0,1
6,10,0,Chittagong,England,Bangladesh,0,2011-03-11,3.6,0.0,0.0,0
9,10,1,Nagpur,India,South Africa,0,2011-03-12,5.4,100.0,0.0,0
5,10,0,Mumbai,New Zealand,Canada,0,2011-03-13,3.0,0.0,0.0,1
7,10,1,Bangalore,Australia,Kenya,0,2011-03-13,4.2,0.0,0.0,1
5,10,1,No Info,Zimbabwe,Pakistan,1,2011-03-14,3.0,0.0,0.66,0
4,10,1,Chittagong,Netherlands,Bangladesh,0,2011-03-14,2.4,-1203275814.83,0.0,0
4,10,0,Kolkata,South Africa,Ireland,0,2011-03-15,2.4,100.0,0.0,1
16,10,1,Bangalore,Canada,Australia,0,2011-03-16,9.6,-1511842963.72,0.0,0
4,10,1,Chennai,England,West Indies,0,2011-03-17,2.4,0.0,0.0,1
7,10,1,Mumbai,Sri Lanka,New Zealand,0,2011-03-18,4.2,0.0,0.0,1
7,10,0,Kolkata,Netherlands,Ireland,1,2011-03-18,4.2,0.0,0.65,0
6,10,1,Colombo,Australia,Pakistan,0,2011-03-19,3.6,100.0,0.0,0
12,10,1,Mirpur,South Africa,Bangladesh,0,2011-03-19,7.2,0.0,0.0,1
9,10,1,Kolkata,Zimbabwe,Kenya,0,2011-03-20,5.4,0.0,0.0,1
10,10,1,Chennai,India,West Indies,1,2011-03-20,6.0,0.0,0.66,1
5,10,1,Mirpur,West Indies,Pakistan,0,2011-03-23,3.0,-1511842963.72,0.0,0
4,10,1,Ahmedabad,Australia,India,0,2011-03-24,2.4,-2386655159.21,0.0,0
5,10,1,Mirpur,New Zealand,South Africa,0,2011-03-25,3.0,-1203275814.83,0.0,1
5,10,1,Colombo,England,Sri Lanka,0,2011-03-26,3.0,0.0,0.0,0
9,10,1,Colombo,New Zealand,Sri Lanka,0,2011-03-29,5.4,-25.64,0.0,0
5,10,1,Chandigarh,India,Pakistan,0,2011-03-30,3.0,20.41,0.0,1
5,10,1,Mumbai,Sri Lanka,India,0,2011-04-02,3.0,1.97,0.0,0
11,10,0,Mirpur,Bangladesh,Sri Lanka,0,2010-01-04,6.6,-3411381804.94,0.0,0
6,10,0,Mirpur,India,Sri Lanka,0,2010-01-05,3.6,-33.31,0.0,0
7,10,1,Mirpur,Bangladesh,India,0,2010-01-07,4.2,-3411381804.94,0.0,0
7,10,0,Mirpur,Bangladesh,Sri Lanka,0,2010-01-08,4.2,-4286194000.43,0.0,0
8,10,1,Mirpur,Sri Lanka,India,1,2010-01-10,4.8,44.0,0.66,0
4,10,0,Mirpur,Bangladesh,India,0,2010-01-11,2.4,-4898226062.24,0.0,0
4,10,0,Mirpur,India,Sri Lanka,1,2010-01-13,2.4,55.01,0.65,0
5,10,1,Guyana,Zimbabwe,West Indies,0,2010-03-04,3.0,0.0,0.0,1
7,10,1,Guyana,Zimbabwe,West Indies,1,2010-03-06,4.2,100.0,0.66,0
0,10,0,St Vincent,West Indies,Zimbabwe,0,2010-03-10,0.0,20.41,0.0,1
11,10,0,St Vincent,Zimbabwe,West Indies,1,2010-03-12,6.6,-183.51,0.65,0
6,10,0,St Vincent,Zimbabwe,West Indies,0,2010-03-14,3.6,-381.85,0.0,0
9,10,0,Antigua,South Africa,West Indies,0,2010-05-22,5.4,-8796724185.17,0.0,1
6,10,1,Antigua,South Africa,West Indies,0,2010-05-24,3.6,-133.48,0.0,1
11,10,1,Dominica,South Africa,West Indies,0,2010-05-28,6.6,14.31,0.0,1
7,10,1,Dominica,West Indies,South Africa,0,2010-05-30,4.2,-168.31,0.0,0
6,10,1,Trinidad,West Indies,South Africa,0,2010-06-03,3.6,-631.06,0.0,0
10,10,0,Jaipur,India,South Africa,0,2010-02-21,6.0,-10000000000.0,0.0,1
10,10,1,Gwalior,India,South Africa,0,2010-02-24,6.0,-133.48,0.0,1
8,10,1,Ahmedabad,South Africa,India,0,2010-02-27,4.8,-16.7,0.0,1
8,10,1,No Info,Australia,Sri Lanka,0,2010-11-03,4.8,0.0,0.0,0
0,10,1,No Info,Sri Lanka,Australia,0,2010-11-05,0.0,100.0,0.0,1
3,10,1,Brisbane,Sri Lanka,Australia,0,2010-11-07,1.8,100.0,0.0,0
5,10,1,No Info,England,Australia,0,2011-01-16,3.0,-2998687221.02,0.0,0
1,10,0,Hobart,Australia,England,0,2011-01-21,0.6,100.0,0.0,1
5,10,1,No Info,England,Australia,1,2011-01-23,3.0,-7284881221.45,0.66,0
15,10,1,No Info,England,Australia,0,2011-01-26,9.0,-8796724185.17,0.0,1
8,10,1,Brisbane,Australia,England,0,2011-01-30,4.8,57.17,0.0,1
4,10,1,No Info,England,Australia,0,2011-02-02,2.4,-219.0,0.0,0
10,10,1,Perth,Australia,England,0,2011-02-06,6.0,76.55,0.0,1
3,10,1,Belfast,Ireland,Bangladesh,0,2010-07-16,1.8,0.0,0.0,0
1,10,1,Amstelveen,Canada,Ireland,1,2010-07-07,0.6,0.0,0.66,0
8,10,1,Ayr,Scotland,Afghanistan,0,2010-08-16,4.8,0.0,0.0,0
10,10,1,Ayr,Afghanistan,Scotland,1,2010-08-17,6.0,100.0,0.66,0
13,10,1,Bulawayo,India,Zimbabwe,0,2010-05-28,7.8,0.0,0.0,0
8,10,0,Bulawayo,Sri Lanka,India,1,2010-05-30,4.8,0.0,0.65,0
4,10,0,Bulawayo,Zimbabwe,Sri Lanka,0,2010-06-01,2.4,100.0,0.0,0
2,10,0,No Info,India,Zimbabwe,0,2010-06-03,1.2,20.41,0.0,0
3,10,0,No Info,India,Sri Lanka,0,2010-06-05,1.8,-25.64,0.0,0
5,10,0,No Info,Sri Lanka,Zimbabwe,0,2010-06-07,3.0,26.71,0.0,0
4,10,0,No Info,Zimbabwe,Sri Lanka,0,2010-06-09,2.4,20.41,0.0,0
10,10,1,No Info,Sri Lanka,Pakistan,0,2010-06-15,6.0,100.0,0.0,1
17,10,1,No Info,Bangladesh,India,0,2010-06-16,10.2,0.0,0.0,0
19,10,1,No Info,Sri Lanka,Bangladesh,0,2010-06-18,11.4,100.0,0.0,1
7,10,1,No Info,Pakistan,India,0,2010-06-19,4.2,-2386655159.21,0.0,0
17,10,1,No Info,Pakistan,Bangladesh,0,2010-06-21,10.2,0.0,0.0,1
9,10,0,No Info,India,Sri Lanka,0,2010-06-22,5.4,20.41,0.0,0
9,10,1,No Info,India,Sri Lanka,0,2010-06-24,5.4,-45.37,0.0,1
11,10,1,No Info,New Zealand,India,0,2010-08-10,6.6,-4510530184.75,0.0,1
2,10,1,No Info,Sri Lanka,India,1,2010-08-16,1.2,-88.99,0.66,0
5,10,1,No Info,New Zealand,Sri Lanka,1,2010-08-13,3.0,36.65,0.65,0
5,10,1,No Info,India,New Zealand,1,2010-08-25,3.0,51.28,0.65,1
6,10,1,No Info,India,Sri Lanka,0,2010-08-22,3.6,60.88,0.0,0
7,10,1,No Info,Sri Lanka,India,0,2010-08-28,4.2,20.41,0.0,1
11,10,1,Abu Dhabi,Pakistan,South Africa,0,2010-10-29,6.6,0.0,0.0,0
23,10,1,Abu Dhabi,South Africa,Pakistan,0,2010-10-31,13.8,100.0,0.0,0
8,10,0,No Info,South Africa,Pakistan,0,2010-11-02,4.8,-25.64,0.0,1
7,10,1,No Info,South Africa,Pakistan,0,2010-11-05,4.2,51.28,0.0,0
15,10,1,No Info,South Africa,Pakistan,0,2010-11-08,9.0,-25.64,0.0,1
12,10,1,Bloemfontein,South Africa,Zimbabwe,0,2010-10-15,7.2,100.0,0.0,1
2,10,1,Potchefstroom,Zimbabwe,South Africa,0,2010-10-17,1.2,-6897185343.96,0.0,0
10,10,1,Benoni,South Africa,Zimbabwe,0,2010-10-22,6.0,100.0,0.0,1
13,10,1,Durban,South Africa,India,0,2011-01-12,7.8,100.0,0.0,1
5,10,1,Johannesburg,India,South Africa,0,2011-01-15,3.0,-10000000000.0,0.0,1
8,10,1,Cape Town,South Africa,India,0,2011-01-18,4.8,57.17,0.0,0
8,10,1,Port Elizabeth,South Africa,India,0,2011-01-21,4.8,-16.7,0.0,1
8,10,0,Centurion,South Africa,India,0,2011-01-23,4.8,24.99,0.0,1
5,10,0,Visakhapatnam,Australia,India,0,2010-10-20,3.0,-3411381804.94,0.0,0
4,10,1,Dublin,Netherlands,Ireland,1,2010-08-18,2.4,0.0,0.65,0
3,10,1,Skating and Curling Club,Ireland,Canada,0,2010-09-06,1.8,100.0,0.0,0
6,10,0,Colombo,West Indies,Sri Lanka,0,2011-02-03,3.6,0.0,0.0,0
10,10,0,Colombo,Sri Lanka,West Indies,0,2011-02-06,6.0,100.0,0.0,1
3,10,0,Guwahati,India,New Zealand,0,2010-11-28,1.8,100.0,0.0,1
12,10,0,Jaipur,New Zealand,India,0,2010-12-01,7.2,-2998687221.02,0.0,0
5,10,0,Vadodara,New Zealand,India,1,2010-12-04,3.0,-5385342380.23,0.65,0
16,10,0,Bangalore,New Zealand,India,0,2010-12-07,9.6,-7284881221.45,0.0,0
8,10,1,Chennai,New Zealand,India,1,2010-12-10,4.8,-8796724185.17,0.66,0
6,10,1,Wellington,Pakistan,New Zealand,0,2011-01-22,3.6,0.0,0.0,0
2,10,0,Christchurch,Pakistan,New Zealand,1,2011-01-29,1.2,-2998687221.02,0.65,1
2,10,1,Napier,New Zealand,Pakistan,0,2011-02-01,1.2,-25.64,0.0,0
0,10,0,Hamilton,Pakistan,New Zealand,0,2011-02-03,0.0,64.73,0.0,1
10,10,0,Auckland,New Zealand,Pakistan,0,2011-02-05,6.0,-381.85,0.0,1
6,10,0,London,England,Sri Lanka,0,2011-06-28,3.6,0.0,0.0,1
3,10,0,Leeds,Sri Lanka,England,0,2011-07-01,1.8,-2998687221.02,0.0,1
4,10,1,London,England,Sri Lanka,0,2011-07-03,2.4,-25.64,0.0,0
2,10,0,Nottingham,Sri Lanka,England,1,2011-07-06,1.2,64.73,0.66,0
10,10,1,Manchester,England,Sri Lanka,0,2011-07-09,6.0,4.97,0.0,1
5,10,0,Chester-le-Street,India,England,0,2011-09-03,3.0,-6588618195.06,0.0,0
12,10,0,Southampton,India,England,0,2011-09-06,7.2,-4286194000.43,0.0,0
2,10,0,London,India,England,1,2011-09-09,1.2,-6410069025.96,0.66,0
6,10,0,London,India,England,0,2011-09-11,3.6,-8100461158.78,0.0,0
9,10,0,Cardiff,India,England,0,2011-09-16,5.4,-5489469815.25,0.0,0
1,10,1,Mirpur,Bangladesh,New Zealand,0,2010-10-05,0.6,0.0,0.0,1
5,10,0,Mirpur,New Zealand,Bangladesh,1,2010-10-11,3.0,-2998687221.02,0.66,0
4,10,0,Mirpur,Bangladesh,New Zealand,1,2010-10-14,2.4,100.0,0.66,1
7,10,1,Mirpur,Bangladesh,New Zealand,0,2010-10-17,4.2,100.0,0.0,1
4,10,0,Dublin,England,Ireland,0,2011-08-25,2.4,100.0,0.0,1
11,10,0,Mirpur,Zimbabwe,Bangladesh,0,2010-12-01,6.6,-7001312778.98,0.0,1
10,10,0,Mirpur,Zimbabwe,Bangladesh,0,2010-12-03,6.0,-53.89,0.0,0
4,10,0,Mirpur,Bangladesh,Zimbabwe,1,2010-12-06,2.4,58.23,0.66,1
1,10,1,Chittagong,Zimbabwe,Bangladesh,1,2010-12-12,0.6,-246.85,0.66,0
11,10,1,St Lucia,West Indies,Pakistan,0,2011-04-23,6.6,0.0,0.0,0
0,10,0,St Lucia,West Indies,Pakistan,0,2011-04-25,0.0,-2998687221.02,0.0,0
7,10,0,Barbados,West Indies,Pakistan,1,2011-04-28,4.2,-5385342380.23,0.66,0
4,10,0,Barbados,Pakistan,West Indies,0,2011-05-02,2.4,100.0,0.0,0
9,10,1,Guyana,Pakistan,West Indies,0,2011-05-05,5.4,48.28,0.0,0
7,10,1,Trinidad,West Indies,India,0,2011-06-06,4.2,100.0,0.0,0
5,10,0,Trinidad,West Indies,India,0,2011-06-08,3.0,30.04,0.0,0
1,10,0,Antigua,West Indies,India,1,2011-06-11,0.6,-57.86,0.65,0
2,10,0,Antigua,West Indies,India,0,2011-06-13,1.2,-168.31,0.0,1
5,10,0,Jamaica,India,West Indies,0,2011-06-16,3.0,27.53,0.0,0
7,10,0,Mirpur,Australia,Bangladesh,0,2011-04-09,4.2,0.0,0.0,1
9,10,1,Mirpur,Bangladesh,Australia,1,2011-04-11,5.4,-2998687221.02,0.65,0
12,10,1,Mirpur,Australia,Bangladesh,0,2011-04-13,7.2,100.0,0.0,1
5,10,0,Aberdeen,Netherlands,Scotland,0,2011-06-29,3.0,0.0,0.0,0
7,10,0,Centurion,Australia,South Africa,0,2011-10-19,4.2,100.0,0.0,1
7,10,1,Port Elizabeth,South Africa,Australia,1,2011-10-23,4.2,-7613344840.79,0.66,1
18,10,1,Durban,South Africa,Australia,0,2011-10-28,10.8,-70.13,0.0,0
6,10,1,Paarl,South Africa,Sri Lanka,0,2012-01-11,3.6,100.0,0.0,1
0,10,0,East London,Sri Lanka,South Africa,1,2012-01-14,0.0,-4898226062.24,0.65,0
11,10,1,Bloemfontein,Sri Lanka,South Africa,0,2012-01-17,6.6,-6897185343.96,0.0,0
5,10,1,Kimberley,South Africa,Sri Lanka,0,2012-01-20,3.0,100.0,0.0,0
3,10,0,Johannesburg,South Africa,Sri Lanka,0,2012-01-22,1.8,48.28,0.0,0
16,10,1,No Info,Sri Lanka,Australia,0,2011-08-10,9.6,100.0,0.0,0
1,10,1,Hambantota,Sri Lanka,Australia,0,2011-08-14,0.6,30.04,0.0,0
6,10,0,Hambantota,Sri Lanka,Australia,0,2011-08-16,3.6,-57.86,0.0,1
1,10,1,Colombo,Sri Lanka,Australia,0,2011-08-20,0.6,24.99,0.0,0
2,10,0,Colombo,Australia,Sri Lanka,0,2011-08-22,1.2,44.0,0.0,0
4,10,0,No Info,Australia,India,0,2012-02-05,2.4,100.0,0.0,1
8,10,1,Perth,Sri Lanka,India,0,2012-02-08,4.8,100.0,0.0,0
11,10,0,Perth,Australia,Sri Lanka,0,2012-02-10,6.6,20.41,0.0,1
8,10,1,No Info,Australia,India,0,2012-02-12,4.8,60.88,0.0,0
4,10,1,No Info,Sri Lanka,India,1,2012-02-14,2.4,-307.07,0.66,0
4,10,1,No Info,Australia,Sri Lanka,0,2012-02-17,2.4,100.0,0.0,0
6,10,1,Brisbane,Australia,India,0,2012-02-19,3.6,-105.23,0.0,1
4,10,1,Brisbane,Sri Lanka,India,0,2012-02-21,2.4,36.65,0.0,1
5,10,1,Hobart,Australia,Sri Lanka,0,2012-02-24,3.0,-105.23,0.0,0
0,10,1,No Info,Australia,India,0,2012-02-26,0.0,100.0,0.0,1
5,10,0,Hobart,Sri Lanka,India,0,2012-02-28,3.0,100.0,0.0,0
10,10,1,No Info,Sri Lanka,Australia,1,2012-03-02,6.0,-5.23,0.65,1
8,10,1,Brisbane,Australia,Sri Lanka,0,2012-03-04,4.8,-200.8,0.0,1
13,10,1,No Info,Australia,Sri Lanka,0,2012-03-06,7.8,20.41,0.0,0
1,10,0,No Info,Australia,Sri Lanka,0,2012-03-08,0.6,-36.44,0.0,1
5,10,0,Dunedin,New Zealand,Zimbabwe,2,2012-02-03,3.0,0.0,1.46,1
0,10,0,Whangarei,New Zealand,Zimbabwe,0,2012-02-06,0.0,100.0,0.0,1
10,10,1,Napier,New Zealand,Zimbabwe,0,2012-02-09,6.0,100.0,0.0,1
1,10,1,Wellington,New Zealand,South Africa,0,2012-02-25,0.6,100.0,0.0,0
6,10,0,Napier,New Zealand,South Africa,0,2012-02-29,3.6,48.28,0.0,0
1,10,0,Auckland,New Zealand,South Africa,0,2012-03-03,0.6,-16.7,0.0,0
8,10,1,Hyderabad,India,England,0,2011-10-14,4.8,0.0,0.0,1
0,10,1,Delhi,England,India,1,2011-10-17,0.0,-2998687221.02,0.66,0
2,10,1,Chandigarh,England,India,0,2011-10-20,1.2,-5385342380.23,0.0,0
0,10,1,Mumbai,England,India,0,2011-10-23,0.0,-7284881221.45,0.0,0
11,10,0,Kolkata,India,England,0,2011-10-25,6.6,100.0,0.0,1
2,10,0,No Info,Bangladesh,Zimbabwe,0,2011-08-12,1.2,0.0,0.0,0
9,10,0,No Info,Bangladesh,Zimbabwe,0,2011-08-14,5.4,-2998687221.02,0.0,0
2,10,0,No Info,Zimbabwe,Bangladesh,0,2011-08-16,1.2,100.0,0.0,1
5,10,0,Bulawayo,Zimbabwe,Bangladesh,0,2011-08-19,3.0,100.0,0.0,0
7,10,0,Bulawayo,Bangladesh,Zimbabwe,0,2011-08-21,4.2,-93.35,0.0,1
1,10,1,Bulawayo,Pakistan,Zimbabwe,0,2011-09-08,0.6,-4614657619.77,0.0,1
4,10,1,No Info,Zimbabwe,Pakistan,0,2011-09-11,2.4,-10.44,0.0,0
16,10,0,No Info,Pakistan,Zimbabwe,0,2011-09-14,9.6,77.66,0.0,1
7,10,0,Dublin,Ireland,Canada,0,2011-09-19,4.2,0.0,0.0,1
0,10,1,Dublin,Ireland,Canada,0,2011-09-20,0.0,100.0,0.0,1
1,10,1,No Info,Zimbabwe,New Zealand,0,2011-10-20,0.6,0.0,0.0,0
0,10,0,No Info,Zimbabwe,New Zealand,0,2011-10-22,0.0,-2998687221.02,0.0,0
3,10,1,Bulawayo,New Zealand,Zimbabwe,1,2011-10-25,1.8,100.0,0.65,0
7,10,1,No Info,Sri Lanka,Pakistan,0,2011-11-11,4.2,0.0,0.0,0
8,10,1,No Info,Sri Lanka,Pakistan,0,2011-11-14,4.8,-2998687221.02,0.0,1
13,10,1,No Info,Pakistan,Sri Lanka,0,2011-11-18,7.8,-25.64,0.0,1
8,10,1,No Info,Pakistan,Sri Lanka,0,2011-11-20,4.8,51.28,0.0,1
3,10,1,Abu Dhabi,Sri Lanka,Pakistan,0,2011-11-23,1.8,-263.1,0.0,0
5,10,1,Abu Dhabi,England,Pakistan,0,2012-02-13,3.0,-8488157036.28,0.0,1
7,10,1,Abu Dhabi,England,Pakistan,0,2012-02-15,4.2,-93.35,0.0,1
9,10,1,No Info,Pakistan,England,0,2012-02-18,5.4,-16.7,0.0,0
1,10,1,No Info,Pakistan,England,1,2012-02-21,0.6,-168.31,0.65,0
4,10,0,Mirpur,West Indies,Bangladesh,0,2011-10-13,2.4,0.0,0.0,1
1,10,1,Mirpur,Bangladesh,West Indies,3,2011-10-15,0.6,-2998687221.02,2.47,0
0,10,0,Chittagong,West Indies,Bangladesh,0,2011-10-18,0.0,100.0,0.0,0
3,10,0,Southampton,England,West Indies,1,2012-06-16,1.8,-57.86,0.65,1
5,10,0,London,West Indies,England,0,2012-06-19,3.0,-23.17,0.0,0
6,10,0,London,England,Australia,0,2012-06-29,3.6,100.0,0.0,1
6,10,1,London,Australia,England,0,2012-07-01,3.6,-7284881221.45,0.0,0
0,10,0,Chester-le-Street,Australia,England,0,2012-07-07,0.0,-8796724185.17,0.0,0
1,10,0,Manchester,Australia,England,0,2012-07-10,0.6,-10000000000.0,0.0,0
2,10,1,Southampton,South Africa,England,0,2012-08-28,1.2,-10000000000.0,0.0,1
6,10,1,London,South Africa,England,0,2012-08-31,3.6,-133.48,0.0,0
6,10,0,London,South Africa,England,0,2012-09-02,3.6,-219.0,0.0,0
6,10,1,Nottingham,England,South Africa,0,2012-09-05,3.6,76.55,0.0,0
5,10,0,Mirpur,Pakistan,Bangladesh,0,2012-03-11,3.0,0.0,0.0,1
2,10,0,Mirpur,India,Sri Lanka,0,2012-03-13,1.2,0.0,0.0,1
12,10,1,Mirpur,Sri Lanka,Pakistan,0,2012-03-15,7.2,-2386655159.21,0.0,0
6,10,0,Mirpur,India,Bangladesh,0,2012-03-16,3.6,100.0,0.0,0
7,10,1,Mirpur,Pakistan,India,0,2012-03-18,4.2,51.28,0.0,0
2,10,0,Mirpur,Sri Lanka,Bangladesh,0,2012-03-20,1.2,-2386655159.21,0.0,0
14,10,0,Mirpur,Pakistan,Bangladesh,0,2012-03-22,8.4,-223.99,0.0,1
7,10,0,Cuttack,West Indies,India,0,2011-11-29,4.2,-1899538841.22,0.0,0
3,10,0,Visakhapatnam,West Indies,India,0,2011-12-02,1.8,-4510530184.75,0.0,0
2,10,0,Ahmedabad,West Indies,India,0,2011-12-05,1.2,-6588618195.06,0.0,1
7,10,1,Indore,India,West Indies,0,2011-12-08,4.2,30.04,0.0,1
6,10,1,Chennai,India,West Indies,2,2011-12-11,3.6,62.77,1.48,1
1,10,1,Mirpur,Bangladesh,Pakistan,1,2011-12-01,0.6,0.0,0.66,0
6,10,1,Mirpur,Pakistan,Bangladesh,0,2011-12-03,3.6,100.0,0.0,1
0,10,1,Chittagong,Pakistan,Bangladesh,1,2011-12-06,0.0,100.0,0.66,1
13,10,1,St Vincent,Australia,West Indies,0,2012-03-16,7.8,0.0,0.0,1
3,10,0,St Vincent,Australia,West Indies,0,2012-03-18,1.8,100.0,0.0,0
10,10,1,St Vincent,Australia,West Indies,0,2012-03-20,6.0,-25.64,0.0,0
4,10,0,St Lucia,West Indies,Australia,0,2012-03-23,2.4,20.41,0.0,1
6,10,0,St Lucia,Australia,West Indies,0,2012-03-25,3.6,-223.99,0.0,1
2,10,1,No Info,Ireland,Kenya,0,2012-02-18,1.2,0.0,0.0,0
7,10,1,No Info,Ireland,Kenya,0,2012-02-20,4.2,-2998687221.02,0.0,1
7,10,1,No Info,Afghanistan,Netherlands,0,2012-03-29,4.2,0.0,0.0,0
8,10,1,No Info,Afghanistan,Pakistan,0,2012-02-10,4.8,0.0,0.0,0
3,10,0,Dublin,Ireland,Afghanistan,0,2012-07-05,1.8,100.0,0.0,1
3,10,0,Jamaica,New Zealand,West Indies,1,2012-07-05,1.8,0.0,0.65,0
7,10,0,Jamaica,West Indies,New Zealand,0,2012-07-07,4.2,100.0,0.0,1
7,10,0,St Kitts,New Zealand,West Indies,0,2012-07-11,4.2,-5385342380.23,0.0,1
1,10,1,St Kitts,West Indies,New Zealand,0,2012-07-14,0.6,30.04,0.0,1
4,10,1,St Kitts,West Indies,New Zealand,0,2012-07-16,2.4,62.77,0.0,1
3,10,1,No Info,Sri Lanka,Pakistan,0,2012-06-07,1.8,0.0,0.0,0
14,10,1,No Info,Sri Lanka,Pakistan,0,2012-06-09,8.4,-2998687221.02,0.0,1
9,10,1,Colombo,Sri Lanka,Pakistan,0,2012-06-16,5.4,20.41,0.0,1
3,10,1,Colombo,Pakistan,Sri Lanka,0,2012-06-18,1.8,-183.51,0.0,0
6,10,1,Hambantota,India,Sri Lanka,0,2012-07-21,3.6,-7284881221.45,0.0,1
11,10,1,Hambantota,India,Sri Lanka,0,2012-07-24,6.6,-93.35,0.0,0
6,10,1,Colombo,Sri Lanka,India,0,2012-07-28,3.6,68.65,0.0,0
11,10,1,Colombo,Sri Lanka,India,0,2012-07-31,6.6,3.99,0.0,0
5,10,1,No Info,India,Sri Lanka,0,2012-08-04,3.0,55.01,0.0,1
6,10,1,Rajkot,England,India,0,2013-01-11,3.6,-8488157036.28,0.0,1
7,10,1,Kochi,India,England,0,2013-01-15,4.2,48.28,0.0,1
6,10,0,Ranchi,England,India,0,2013-01-19,3.6,-219.0,0.0,0
6,10,0,Chandigarh,England,India,0,2013-01-23,3.6,-326.44,0.0,0
7,10,0,London,England,New Zealand,0,2013-05-31,4.2,100.0,0.0,0
7,10,1,Southampton,New Zealand,England,0,2013-06-02,4.2,20.41,0.0,1
1,10,0,Nottingham,England,New Zealand,0,2013-06-05,0.6,-183.51,0.0,1
9,10,0,Dublin,Ireland,England,0,2013-09-03,5.4,-4510530184.75,0.0,0
1,10,0,Manchester,Australia,England,1,2013-09-08,0.6,-6588618195.06,0.66,1
4,10,0,Cardiff,Australia,England,1,2013-09-14,2.4,-42.94,0.66,0
10,10,1,Southampton,Australia,England,0,2013-09-16,6.0,-168.58,0.0,1
4,10,0,London,South Africa,England,2,2013-06-19,2.4,-5101773937.76,1.46,0
4,10,0,Cardiff,Sri Lanka,India,0,2013-06-20,2.4,0.0,0.0,0
5,10,0,Birmingham,India,England,0,2013-06-23,3.0,-30.01,0.0,1
8,10,0,Paarl,South Africa,New Zealand,0,2013-01-19,4.8,0.0,0.0,0
0,10,0,Kimberley,New Zealand,South Africa,0,2013-01-22,0.0,100.0,0.0,1
7,10,1,Potchefstroom,New Zealand,South Africa,0,2013-01-25,4.2,100.0,0.0,0
3,10,0,Bloemfontein,South Africa,Pakistan,0,2013-03-10,1.8,100.0,0.0,1
7,10,1,Centurion,South Africa,Pakistan,0,2013-03-15,4.2,100.0,0.0,0
0,10,0,Johannesburg,South Africa,Pakistan,0,2013-03-17,0.0,30.04,0.0,1
10,10,1,Benoni,Pakistan,South Africa,0,2013-03-24,6.0,-168.58,0.0,0
0,10,0,Hamilton,England,New Zealand,0,2013-02-17,0.0,0.0,0.0,0
4,10,0,Napier,New Zealand,England,0,2013-02-20,2.4,100.0,0.0,0
2,10,0,Auckland,New Zealand,England,1,2013-02-23,1.2,-25.64,0.65,0
8,10,1,No Info,Pakistan,Australia,0,2012-08-28,4.8,0.0,0.0,0
8,10,1,Abu Dhabi,Australia,Pakistan,1,2012-08-31,4.8,100.0,0.65,0
4,10,0,No Info,Pakistan,Australia,0,2012-09-03,2.4,20.41,0.0,0
1,10,1,No Info,Australia,Afghanistan,0,2012-08-25,0.6,100.0,0.0,1
3,10,1,No Info,Australia,Sri Lanka,0,2013-01-11,1.8,100.0,0.0,1
3,10,0,No Info,Australia,Sri Lanka,0,2013-01-13,1.8,100.0,0.0,0
4,10,1,Brisbane,Australia,Sri Lanka,0,2013-01-18,2.4,48.28,0.0,0
4,10,1,No Info,Australia,Sri Lanka,0,2013-01-20,2.4,-16.7,0.0,0
5,10,0,Hobart,Australia,Sri Lanka,0,2013-01-23,3.0,-57.86,0.0,1
3,10,1,Perth,West Indies,Australia,0,2013-02-01,1.8,-4201963035.85,0.0,0
3,10,0,Perth,Australia,West Indies,0,2013-02-03,1.8,100.0,0.0,1
8,10,1,Canberra,Australia,West Indies,0,2013-02-06,4.8,100.0,0.0,1
1,10,1,No Info,West Indies,Australia,0,2013-02-08,0.6,-8796724185.17,0.0,0
2,10,0,No Info,Australia,West Indies,1,2013-02-10,1.2,100.0,0.66,1
2,10,0,Cardiff,India,South Africa,0,2013-06-06,1.2,0.0,0.0,1
3,10,0,London,Pakistan,West Indies,1,2013-06-07,1.8,0.0,0.66,0
5,10,1,Birmingham,England,Australia,0,2013-06-08,3.0,-4614657619.77,0.0,1
6,10,1,Cardiff,Sri Lanka,New Zealand,1,2013-06-09,3.6,0.0,0.66,0
3,10,1,Birmingham,South Africa,Pakistan,0,2013-06-10,1.8,0.0,0.0,1
4,10,0,London,West Indies,India,0,2013-06-11,2.4,20.41,0.0,0
5,10,1,Birmingham,Australia,New Zealand,1,2013-06-12,3.0,-1899538841.22,0.65,0
4,10,0,London,England,Sri Lanka,0,2013-06-13,2.4,100.0,0.0,0
2,10,0,Cardiff,South Africa,West Indies,0,2013-06-14,1.2,100.0,0.0,0
4,10,0,Birmingham,Pakistan,India,0,2013-06-15,2.4,-1511842963.72,0.0,0
15,10,0,Cardiff,England,New Zealand,0,2013-06-16,9.0,0.0,0.0,1
10,10,0,London,Sri Lanka,Australia,1,2013-06-17,6.0,100.0,0.65,1
6,10,1,No Info,New Zealand,Sri Lanka,0,2012-11-04,3.6,-4201963035.85,0.0,0
3,10,0,No Info,New Zealand,Sri Lanka,0,2012-11-06,1.8,-5385342380.23,0.0,0
0,10,0,Hambantota,New Zealand,Sri Lanka,0,2012-11-10,0.0,-7284881221.45,0.0,0
3,10,1,Khulna,West Indies,Bangladesh,0,2012-11-30,1.8,0.0,0.0,0
3,10,0,Khulna,Bangladesh,West Indies,0,2012-12-02,1.8,100.0,0.0,1
6,10,0,Mirpur,Bangladesh,West Indies,0,2012-12-05,3.6,100.0,0.0,0
4,10,0,Mirpur,West Indies,Bangladesh,0,2012-12-07,2.4,-42.94,0.0,1
13,10,0,Mirpur,West Indies,Bangladesh,0,2012-12-08,7.8,36.65,0.0,0
7,10,0,Chennai,India,Pakistan,0,2012-12-30,4.2,0.0,0.0,0
7,10,0,Kolkata,Pakistan,India,0,2013-01-03,4.2,100.0,0.0,1
6,10,1,Delhi,India,Pakistan,0,2013-01-06,3.6,-5385342380.23,0.0,1
8,10,1,Dubai,Canada,Kenya,1,2013-03-11,4.8,0.0,0.66,0
5,10,0,Grenada,West Indies,Zimbabwe,0,2013-02-22,3.0,0.0,0.0,1
1,10,1,Grenada,Zimbabwe,West Indies,0,2013-02-26,0.6,-2998687221.02,0.0,0
3,10,0,Jamaica,Sri Lanka,West Indies,0,2013-06-28,1.8,-5385342380.23,0.0,0
6,10,0,Jamaica,India,West Indies,0,2013-06-30,3.6,-505.42,0.0,0
5,10,0,Jamaica,Sri Lanka,India,0,2013-07-02,3.0,0.0,0.0,1
4,10,0,Trinidad,India,West Indies,0,2013-07-05,2.4,-7001312778.98,0.0,1
8,10,0,Trinidad,Sri Lanka,West Indies,0,2013-07-07,4.8,-93.35,0.0,1
4,10,0,Trinidad,India,Sri Lanka,0,2013-07-09,2.4,-105.23,0.0,1
5,10,0,Trinidad,Sri Lanka,India,0,2013-07-11,3.0,-25.64,0.0,0
7,10,1,Edinburgh,Pakistan,Scotland,0,2013-05-17,4.2,0.0,0.0,1
5,10,1,Dublin,Pakistan,Ireland,0,2013-05-23,3.0,100.0,0.0,0
2,10,0,Dublin,Ireland,Pakistan,1,2013-05-26,1.2,-2386655159.21,0.66,0
6,10,0,Hambantota,Bangladesh,Sri Lanka,0,2013-03-23,3.6,0.0,0.0,0
6,10,1,No Info,Sri Lanka,Bangladesh,0,2013-03-28,3.6,100.0,0.0,0
5,10,0,Bulawayo,Bangladesh,Zimbabwe,0,2013-05-03,3.0,100.0,0.0,1
5,10,0,Bulawayo,Bangladesh,Zimbabwe,0,2013-05-05,3.0,100.0,0.0,0
8,10,0,Bulawayo,Bangladesh,Zimbabwe,0,2013-05-08,4.8,30.04,0.0,0
3,10,1,Amstelveen,Ireland,Netherlands,0,2013-07-07,1.8,0.0,0.0,1
10,10,0,Colombo,Sri Lanka,South Africa,0,2013-07-20,6.0,0.0,0.0,1
2,10,1,Colombo,Sri Lanka,South Africa,0,2013-07-23,1.2,100.0,0.0,1
5,10,1,No Info,South Africa,Sri Lanka,0,2013-07-26,3.0,-5385342380.23,0.0,1
6,10,1,No Info,South Africa,Sri Lanka,0,2013-07-28,3.6,-42.94,0.0,0
7,10,1,Colombo,Sri Lanka,South Africa,0,2013-07-31,4.2,62.77,0.0,1
5,10,1,No Info,England,Australia,1,2014-01-12,3.0,0.0,0.66,0
6,10,1,Brisbane,England,Australia,0,2014-01-17,3.6,-2998687221.02,0.0,0
3,10,1,No Info,England,Australia,0,2014-01-19,1.8,-5385342380.23,0.0,0
4,10,0,Perth,England,Australia,0,2014-01-24,2.4,-7284881221.45,0.0,1
3,10,1,No Info,Australia,England,0,2014-01-26,1.8,48.28,0.0,1
9,10,0,Antigua,West Indies,England,0,2014-02-28,5.4,-2386655159.21,0.0,1
6,10,0,Antigua,West Indies,England,0,2014-03-02,3.6,36.65,0.0,0
5,10,0,Antigua,England,West Indies,0,2014-03-05,3.0,47.09,0.0,1
0,10,0,No Info,Zimbabwe,India,0,2013-07-24,0.0,0.0,0.0,0
3,10,0,No Info,India,Zimbabwe,1,2013-07-26,1.8,100.0,0.66,1
3,10,0,No Info,Zimbabwe,India,2,2013-07-28,1.8,-5385342380.23,1.47,0
1,10,0,Bulawayo,Zimbabwe,India,0,2013-08-01,0.6,-7284881221.45,0.0,0
5,10,0,Bulawayo,Zimbabwe,India,0,2013-08-03,3.0,-8796724185.17,0.0,0
7,10,0,Guyana,Pakistan,West Indies,0,2013-07-14,4.2,0.0,0.0,1
4,10,0,Guyana,West Indies,Pakistan,1,2013-07-16,2.4,-2998687221.02,0.66,1
1,10,0,St Lucia,Pakistan,West Indies,0,2013-07-19,0.6,-25.64,0.0,0
1,10,0,St Lucia,West Indies,Pakistan,0,2013-07-21,0.6,20.41,0.0,0
0,10,0,St Lucia,West Indies,Pakistan,0,2013-07-24,0.0,-137.45,0.0,0
2,10,1,Pune,Australia,India,0,2013-10-13,1.2,0.0,0.0,1
11,10,1,Jaipur,Australia,India,0,2013-10-16,6.6,100.0,0.0,0
14,10,0,Chandigarh,India,Australia,0,2013-10-19,8.4,20.41,0.0,0
5,10,0,Ranchi,Australia,India,0,2013-10-23,3.0,51.28,0.0,0
9,10,0,Nagpur,Australia,India,0,2013-10-30,5.4,51.28,0.0,0
5,10,0,Bangalore,India,Australia,0,2013-11-02,3.0,31.21,0.0,1
6,10,0,Johannesburg,South Africa,India,0,2013-12-05,3.6,-6588618195.06,0.0,1
5,10,0,Durban,South Africa,India,0,2013-12-08,3.0,-42.94,0.0,1
3,10,1,No Info,South Africa,Pakistan,1,2013-10-30,1.8,100.0,0.66,1
2,10,1,No Info,Pakistan,South Africa,0,2013-11-01,1.2,-7284881221.45,0.0,1
4,10,1,Abu Dhabi,South Africa,Pakistan,0,2013-11-06,2.4,48.28,0.0,1
6,10,1,Abu Dhabi,South Africa,Pakistan,0,2013-11-08,3.6,68.65,0.0,1
6,10,1,No Info,South Africa,Pakistan,1,2013-11-11,3.6,76.55,0.66,1
11,10,0,Christchurch,New Zealand,Sri Lanka,0,2015-02-14,6.6,0.0,0.0,1
6,10,0,No Info,Australia,England,0,2015-02-14,3.6,0.0,0.0,1
2,10,0,Hamilton,South Africa,Zimbabwe,0,2015-02-15,1.2,100.0,0.0,1
5,10,1,No Info,India,Pakistan,0,2015-02-15,3.0,0.0,0.0,1
1,10,0,Nelson,West Indies,Ireland,0,2015-02-16,0.6,0.0,0.0,0
1,10,0,Dunedin,Scotland,New Zealand,2,2015-02-17,0.6,-1203275814.83,1.46,0
4,10,1,Canberra,Bangladesh,Afghanistan,0,2015-02-18,2.4,0.0,0.0,1
4,10,0,Nelson,United Arab Emirates,Zimbabwe,0,2015-02-19,2.4,0.0,0.0,0
3,10,1,Wellington,England,New Zealand,0,2015-02-20,1.8,-1899538841.22,0.0,0
11,10,0,Christchurch,West Indies,Pakistan,0,2015-02-21,6.6,0.0,0.0,1
1,10,0,Dunedin,Afghanistan,Sri Lanka,0,2015-02-22,0.6,0.0,0.0,0
4,10,1,No Info,India,South Africa,0,2015-02-22,2.4,0.0,0.0,1
7,10,0,Christchurch,England,Scotland,0,2015-02-23,4.2,0.0,0.0,1
6,10,1,Canberra,West Indies,Zimbabwe,1,2015-02-24,3.6,100.0,0.66,1
7,10,0,Brisbane,United Arab Emirates,Ireland,0,2015-02-25,4.2,0.0,0.0,0
7,10,0,Dunedin,Scotland,Afghanistan,0,2015-02-26,4.2,0.0,0.0,0
3,10,1,No Info,Sri Lanka,Bangladesh,0,2015-02-26,1.8,0.0,0.0,1
8,10,1,No Info,South Africa,West Indies,0,2015-02-27,4.8,-1511842963.72,0.0,1
24,10,1,Auckland,Australia,New Zealand,0,2015-02-28,14.4,0.0,0.0,0
7,10,1,Perth,United Arab Emirates,India,1,2015-02-28,4.2,0.0,0.65,0
10,10,1,Wellington,England,Sri Lanka,0,2015-03-01,6.0,-1511842963.72,0.0,0
1,10,1,Brisbane,Pakistan,Zimbabwe,0,2015-03-01,0.6,0.0,0.0,1
3,10,1,Canberra,South Africa,Ireland,0,2015-03-03,1.8,100.0,0.0,1
3,10,0,Napier,Pakistan,United Arab Emirates,0,2015-03-04,1.8,100.0,0.0,1
12,10,0,Perth,Australia,Afghanistan,0,2015-03-04,7.2,0.0,0.0,1
10,10,0,Nelson,Scotland,Bangladesh,0,2015-03-05,6.0,0.0,0.0,0
5,10,1,Perth,West Indies,India,0,2015-03-06,3.0,0.0,0.0,0
5,10,0,Auckland,Pakistan,South Africa,0,2015-03-07,3.0,20.41,0.0,1
11,10,0,Hobart,Ireland,Zimbabwe,0,2015-03-07,6.6,0.0,0.0,1
6,10,1,Napier,Afghanistan,New Zealand,1,2015-03-08,3.6,0.0,0.65,0
5,10,1,No Info,Australia,Sri Lanka,0,2015-03-08,3.0,0.0,0.0,1
4,10,0,No Info,Bangladesh,England,1,2015-03-09,2.4,0.0,0.66,1
6,10,1,Hamilton,Ireland,India,0,2015-03-10,3.6,100.0,0.0,0
9,10,1,Hobart,Sri Lanka,Scotland,0,2015-03-11,5.4,0.0,0.0,1
15,10,0,Wellington,South Africa,United Arab Emirates,0,2015-03-12,9.0,0.0,0.0,1
2,10,0,Hamilton,Bangladesh,New Zealand,0,2015-03-13,1.2,100.0,0.0,0
8,10,0,No Info,Afghanistan,England,0,2015-03-13,4.8,0.0,0.0,0
4,10,0,Auckland,Zimbabwe,India,0,2015-03-14,2.4,-1203275814.83,0.0,0
0,10,0,Hobart,Scotland,Australia,0,2015-03-14,0.0,0.0,0.0,0
8,10,0,Napier,United Arab Emirates,West Indies,0,2015-03-15,4.8,0.0,0.0,0
6,10,1,No Info,Ireland,Pakistan,0,2015-03-15,3.6,0.0,0.0,0
3,10,1,No Info,Sri Lanka,South Africa,1,2015-03-18,1.8,0.0,0.65,0
8,10,1,No Info,India,Bangladesh,0,2015-03-19,4.8,100.0,0.0,1
2,10,1,No Info,Pakistan,Australia,0,2015-03-20,1.2,36.65,0.0,0
6,10,1,Wellington,New Zealand,West Indies,0,2015-03-21,3.6,-1203275814.83,0.0,1
6,10,1,Auckland,South Africa,New Zealand,0,2015-03-24,3.6,-98.35,0.0,0
7,10,1,No Info,Australia,India,0,2015-03-26,4.2,20.41,0.0,1
6,10,1,No Info,New Zealand,Australia,1,2015-03-29,3.6,-5.23,0.66,0
2,10,1,No Info,Pakistan,Sri Lanka,0,2013-12-18,1.2,0.0,0.0,1
8,10,0,No Info,Pakistan,Sri Lanka,1,2013-12-20,4.8,100.0,0.65,0
2,10,0,No Info,Pakistan,Sri Lanka,0,2013-12-22,1.2,-25.64,0.0,1
15,10,1,Abu Dhabi,Sri Lanka,Pakistan,1,2013-12-25,9.0,-105.23,0.65,0
3,10,1,Abu Dhabi,Pakistan,Sri Lanka,0,2013-12-27,1.8,72.46,0.0,0
2,10,1,No Info,Pakistan,Zimbabwe,0,2013-08-27,1.2,100.0,0.0,0
4,10,0,No Info,Pakistan,Zimbabwe,0,2013-08-29,2.4,12.1,0.0,1
7,10,0,No Info,Pakistan,Zimbabwe,0,2013-08-31,4.2,58.23,0.0,1
5,10,0,King City,Netherlands,Canada,1,2013-08-27,3.0,0.0,0.65,0
3,10,0,King City,Canada,Netherlands,2,2013-08-29,1.8,0.0,1.47,0
5,10,1,Belfast,Scotland,Ireland,0,2013-09-06,3.0,0.0,0.0,0
1,10,0,Auckland,New Zealand,West Indies,0,2013-12-26,0.6,0.0,0.0,0
5,10,0,No Info,New Zealand,West Indies,1,2014-01-01,3.0,-2998687221.02,0.65,1
4,10,1,Nelson,New Zealand,West Indies,0,2014-01-04,2.4,20.41,0.0,1
10,10,0,Hamilton,West Indies,New Zealand,0,2014-01-08,6.0,-183.51,0.0,1
16,10,0,Napier,New Zealand,India,0,2014-01-19,9.6,100.0,0.0,1
7,10,0,Hamilton,New Zealand,India,0,2014-01-22,4.2,100.0,0.0,1
11,10,0,Auckland,New Zealand,India,0,2014-01-25,6.6,100.0,0.0,0
0,10,1,Hamilton,India,New Zealand,0,2014-01-28,0.0,-5489469815.25,0.0,0
1,10,0,Wellington,New Zealand,India,0,2014-01-31,0.6,100.0,0.0,1
0,10,0,Cardiff,India,England,0,2014-08-27,0.0,0.0,0.0,1
4,10,0,Nottingham,England,India,0,2014-08-30,2.4,-2998687221.02,0.0,0
5,10,0,Birmingham,England,India,0,2014-09-02,3.0,-5385342380.23,0.0,0
11,10,0,Leeds,England,India,0,2014-09-05,6.6,-7284881221.45,0.0,1
6,10,0,London,England,Sri Lanka,0,2014-05-22,3.6,100.0,0.0,1
4,10,0,Chester-le-Street,Sri Lanka,England,0,2014-05-25,2.4,-5385342380.23,0.0,1
2,10,0,Manchester,Sri Lanka,England,0,2014-05-28,1.2,-42.94,0.0,0
13,10,0,London,Sri Lanka,England,0,2014-05-31,7.8,-168.58,0.0,1
4,10,1,Birmingham,England,Sri Lanka,0,2014-06-03,2.4,3.99,0.0,0
9,10,0,Mirpur,Bangladesh,New Zealand,0,2013-10-29,5.4,0.0,0.0,1
2,10,1,Mirpur,Bangladesh,New Zealand,0,2013-10-31,1.2,100.0,0.0,1
9,10,0,Fatullah,New Zealand,Bangladesh,0,2013-11-03,5.4,-5385342380.23,0.0,0
4,10,0,Hambantota,Sri Lanka,New Zealand,1,2013-11-10,2.4,100.0,0.66,0
12,10,1,Hambantota,Sri Lanka,New Zealand,0,2013-11-12,7.2,100.0,0.0,0
4,10,0,No Info,Sri Lanka,New Zealand,0,2013-11-16,2.4,-2998687221.02,0.0,1
5,10,1,Kochi,West Indies,India,1,2013-11-21,3.0,0.0,0.66,0
9,10,0,Visakhapatnam,India,West Indies,0,2013-11-24,5.4,100.0,0.0,0
8,10,0,Kanpur,West Indies,India,0,2013-11-27,4.8,20.41,0.0,0
11,10,0,Aberdeen,England,Scotland,0,2014-05-09,6.6,0.0,0.0,1
2,10,1,Cape Town,Pakistan,South Africa,0,2013-11-24,1.2,0.0,0.0,1
2,10,0,Port Elizabeth,Pakistan,South Africa,1,2013-11-27,1.2,100.0,0.66,1
2,10,0,Centurion,Pakistan,South Africa,1,2013-11-30,1.2,100.0,0.66,0
10,10,0,Mirpur,Sri Lanka,Bangladesh,0,2014-02-17,6.0,0.0,0.0,1
9,10,1,Mirpur,Sri Lanka,Bangladesh,0,2014-02-20,5.4,100.0,0.0,1
2,10,0,Mirpur,Bangladesh,Sri Lanka,0,2014-02-22,1.2,-5385342380.23,0.0,0
9,10,0,Christchurch,Scotland,Canada,0,2014-01-23,5.4,0.0,0.0,1
4,10,0,Lincoln,Netherlands,Kenya,1,2014-01-23,2.4,0.0,0.66,0
7,10,1,Mount Maunganui,Canada,Netherlands,0,2014-01-28,4.2,0.0,0.0,0
1,10,1,Christchurch,Kenya,Scotland,0,2014-01-30,0.6,20.41,0.0,0
4,10,1,Jamaica,Ireland,West Indies,0,2014-02-23,2.4,0.0,0.0,0
3,10,0,Dublin,Sri Lanka,Ireland,1,2014-05-06,1.8,0.0,0.66,1
7,10,1,Fatullah,Sri Lanka,Pakistan,0,2014-02-25,4.2,100.0,0.0,1
10,10,0,Fatullah,Bangladesh,India,0,2014-02-26,6.0,0.0,0.0,0
1,10,0,Fatullah,Pakistan,Afghanistan,0,2014-02-27,0.6,0.0,0.0,1
1,10,0,Fatullah,India,Sri Lanka,0,2014-02-28,0.6,-42.94,0.0,0
6,10,0,Fatullah,Afghanistan,Bangladesh,0,2014-03-01,3.6,0.0,0.0,1
7,10,0,Mirpur,India,Pakistan,0,2014-03-02,4.2,-25.64,0.0,0
2,10,1,Mirpur,Sri Lanka,Afghanistan,0,2014-03-03,1.2,-25.64,0.0,1
7,10,1,Mirpur,Bangladesh,Pakistan,0,2014-03-04,4.2,-3589930974.04,0.0,0
7,10,0,Mirpur,Afghanistan,India,0,2014-03-05,4.2,100.0,0.0,0
7,10,1,Mirpur,Bangladesh,Sri Lanka,0,2014-03-06,4.2,-1899538841.22,0.0,0
13,10,1,Mirpur,Pakistan,Sri Lanka,1,2014-03-08,7.8,-45.37,0.66,0
3,10,1,Durban,South Africa,West Indies,0,2015-01-16,1.8,0.0,0.0,1
6,10,0,Johannesburg,South Africa,West Indies,0,2015-01-18,3.6,100.0,0.0,1
5,10,1,East London,West Indies,South Africa,1,2015-01-21,3.0,-5385342380.23,0.66,0
9,10,0,Port Elizabeth,South Africa,West Indies,0,2015-01-25,5.4,100.0,0.0,0
6,10,0,Centurion,South Africa,West Indies,1,2015-01-28,3.6,48.28,0.65,1
4,10,1,No Info,Australia,Pakistan,1,2014-10-07,2.4,0.0,0.66,1
10,10,1,No Info,Pakistan,Australia,0,2014-10-10,6.0,-2998687221.02,0.0,0
10,10,1,Abu Dhabi,Australia,Pakistan,0,2014-10-12,6.0,100.0,0.0,1
9,10,0,Dublin,Scotland,Ireland,0,2014-09-08,5.4,0.0,0.0,0
10,10,0,Dublin,Scotland,Ireland,2,2014-09-10,6.0,-2998687221.02,1.46,0
5,10,0,Dublin,Ireland,Scotland,0,2014-09-12,3.0,100.0,0.0,0
6,10,1,Colombo,South Africa,Sri Lanka,0,2014-07-06,3.6,0.0,0.0,1
14,10,1,No Info,Sri Lanka,South Africa,0,2014-07-09,8.4,-2998687221.02,0.0,1
14,10,1,Hambantota,South Africa,Sri Lanka,0,2014-07-12,8.4,-25.64,0.0,1
5,10,0,Grenada,Bangladesh,West Indies,0,2014-08-20,3.0,0.0,0.0,0
5,10,0,Grenada,West Indies,Bangladesh,0,2014-08-22,3.0,100.0,0.0,1
7,10,1,St Kitts,West Indies,Bangladesh,0,2014-08-25,4.2,100.0,0.0,1
0,10,0,Bulawayo,South Africa,Zimbabwe,0,2014-08-17,0.0,100.0,0.0,1
8,10,0,Bulawayo,South Africa,Zimbabwe,0,2014-08-19,4.8,100.0,0.0,1
5,10,0,Bulawayo,Zimbabwe,South Africa,2,2014-08-21,3.0,-5385342380.23,1.47,0
5,10,0,No Info,Australia,Zimbabwe,0,2014-08-25,3.0,0.0,0.0,1
18,10,0,No Info,Australia,South Africa,0,2014-08-27,10.8,-93.35,0.0,0
1,10,0,No Info,South Africa,Zimbabwe,0,2014-08-29,0.6,100.0,0.0,1
6,10,1,No Info,Australia,Zimbabwe,0,2014-08-31,3.6,100.0,0.0,0
11,10,0,No Info,Australia,South Africa,0,2014-09-02,6.6,-263.1,0.0,1
4,10,0,No Info,South Africa,Zimbabwe,1,2014-09-04,2.4,30.04,0.66,1
8,10,0,No Info,Australia,South Africa,0,2014-09-06,4.8,-139.41,0.0,0
12,10,0,Kuala Lumpur,Afghanistan,United Arab Emirates,0,2014-05-02,7.2,0.0,0.0,1
2,10,0,Kuala Lumpur,Hong Kong,United Arab Emirates,0,2014-05-04,1.2,0.0,0.0,0
5,10,0,No Info,New Zealand,Pakistan,0,2014-12-08,3.0,0.0,0.0,0
6,10,1,No Info,Pakistan,New Zealand,1,2014-12-12,3.6,100.0,0.66,0
9,10,1,No Info,Pakistan,New Zealand,0,2014-12-14,5.4,-25.64,0.0,1
5,10,1,Abu Dhabi,New Zealand,Pakistan,0,2014-12-17,3.0,-105.23,0.0,1
12,10,1,Abu Dhabi,New Zealand,Pakistan,0,2014-12-19,7.2,20.41,0.0,1
12,10,0,Birmingham,England,New Zealand,1,2015-06-09,7.2,-6897185343.96,0.66,1
4,10,1,London,New Zealand,England,0,2015-06-12,2.4,45.37,0.0,1
7,10,1,Southampton,England,New Zealand,0,2015-06-14,4.2,-168.58,0.0,0
5,10,1,Nottingham,New Zealand,England,0,2015-06-17,3.0,76.55,0.0,0
13,10,0,Chester-le-Street,New Zealand,England,1,2015-06-20,7.8,17.83,0.66,0
12,10,1,Belfast,Australia,Ireland,0,2015-08-27,7.2,0.0,0.0,1
9,10,1,Southampton,Australia,England,0,2015-09-03,5.4,-42.94,0.0,1
2,10,0,London,Australia,England,1,2015-09-05,1.2,36.65,0.66,1
3,10,1,Manchester,England,Australia,0,2015-09-08,1.8,-168.31,0.0,1
10,10,1,Leeds,Australia,England,0,2015-09-11,6.0,27.53,0.0,0
4,10,1,Manchester,England,Australia,1,2015-09-13,2.4,14.31,0.66,0
1,10,1,Mirpur,Bangladesh,India,0,2014-06-15,0.6,0.0,0.0,0
8,10,0,Mirpur,India,Bangladesh,1,2014-06-17,4.8,100.0,0.66,1
8,10,0,Hambantota,Sri Lanka,Pakistan,0,2014-08-23,4.8,0.0,0.0,0
10,10,1,Hambantota,Sri Lanka,Pakistan,0,2014-08-26,6.0,-2998687221.02,0.0,1
4,10,1,No Info,Pakistan,Sri Lanka,0,2014-08-30,2.4,-25.64,0.0,0
1,10,0,Mount Maunganui,New Zealand,South Africa,0,2014-10-21,0.6,0.0,0.0,0
9,10,0,Mount Maunganui,South Africa,New Zealand,0,2014-10-24,5.4,100.0,0.0,1
4,10,1,Christchurch,Sri Lanka,New Zealand,0,2015-01-11,2.4,100.0,0.0,0
5,10,1,Hamilton,New Zealand,Sri Lanka,0,2015-01-15,3.0,9.46,0.0,0
6,10,1,Nelson,Sri Lanka,New Zealand,0,2015-01-20,3.6,43.2,0.0,0
2,10,0,Dunedin,New Zealand,Sri Lanka,1,2015-01-23,1.2,51.28,0.66,1
0,10,1,Dunedin,New Zealand,Sri Lanka,1,2015-01-25,0.0,72.46,0.65,1
2,10,1,Wellington,Sri Lanka,New Zealand,0,2015-01-29,1.2,-461.44,0.0,1
0,10,0,Wellington,Pakistan,New Zealand,1,2015-01-31,0.0,-5798036964.15,0.66,0
5,10,1,Napier,New Zealand,Pakistan,0,2015-02-03,3.0,100.0,0.0,1
13,10,0,Colombo,Sri Lanka,England,0,2014-11-26,7.8,100.0,0.0,1
4,10,1,Colombo,England,Sri Lanka,0,2014-11-29,2.4,-4510530184.75,0.0,0
6,10,1,Hambantota,Sri Lanka,England,0,2014-12-03,3.6,100.0,0.0,0
5,10,1,Colombo,England,Sri Lanka,1,2014-12-07,3.0,-42.94,0.65,0
7,10,0,No Info,Sri Lanka,England,1,2014-12-10,4.2,62.77,0.65,0
2,10,1,No Info,Sri Lanka,England,0,2014-12-13,1.2,3.99,0.0,1
11,10,1,Colombo,Sri Lanka,England,0,2014-12-16,6.6,36.11,0.0,1
3,10,0,Perth,Australia,South Africa,0,2014-11-14,1.8,0.0,0.0,1
3,10,1,Perth,Australia,South Africa,1,2014-11-16,1.8,100.0,0.66,0
7,10,1,Canberra,Australia,South Africa,0,2014-11-19,4.2,-25.64,0.0,1
9,10,1,No Info,South Africa,Australia,0,2014-11-21,5.4,-105.23,0.0,0
10,10,1,No Info,South Africa,Australia,0,2014-11-23,6.0,-263.1,0.0,0
6,10,1,No Info,India,Australia,1,2015-01-18,3.6,-8488157036.28,0.66,0
6,10,1,No Info,England,Australia,2,2015-01-16,3.6,-8796724185.17,1.48,0
1,10,1,Brisbane,India,England,0,2015-01-20,0.6,0.0,0.0,0
6,10,0,Hobart,England,Australia,0,2015-01-23,3.6,-133.48,0.0,0
2,10,0,Perth,India,England,0,2015-01-30,1.2,-2386655159.21,0.0,0
3,10,0,Perth,Australia,England,1,2015-02-01,1.8,3.99,0.65,1
4,10,0,Bulawayo,Afghanistan,Zimbabwe,0,2014-07-20,2.4,0.0,0.0,0
3,10,0,Bulawayo,Zimbabwe,Afghanistan,0,2014-07-22,1.8,100.0,0.0,0
2,10,0,Bulawayo,Afghanistan,Zimbabwe,0,2014-07-24,1.2,20.41,0.0,1
1,10,0,Chittagong,Bangladesh,Zimbabwe,0,2014-11-21,0.6,-1899538841.22,0.0,1
6,10,1,Chittagong,Bangladesh,Zimbabwe,0,2014-11-23,3.6,49.58,0.0,1
6,10,0,Mirpur,Bangladesh,Zimbabwe,0,2014-11-26,3.6,77.66,0.0,1
8,10,1,Mirpur,Bangladesh,Zimbabwe,0,2014-11-28,4.8,100.0,0.0,1
12,10,1,Mirpur,Zimbabwe,Bangladesh,0,2014-12-01,7.2,-8796724185.17,0.0,0
10,10,0,Kochi,West Indies,India,0,2014-10-08,6.0,0.0,0.0,1
4,10,1,Delhi,India,West Indies,1,2014-10-11,2.4,-2998687221.02,0.65,1
6,10,0,Dharmasala,India,West Indies,0,2014-10-17,3.6,20.41,0.0,1
3,10,0,Cuttack,India,Sri Lanka,0,2014-11-02,1.8,100.0,0.0,1
5,10,1,Ahmedabad,Sri Lanka,India,1,2014-11-06,3.0,-7284881221.45,0.66,0
7,10,1,Hyderabad,Sri Lanka,India,1,2014-11-09,4.2,-8796724185.17,0.66,0
16,10,1,Kolkata,India,Sri Lanka,0,2014-11-13,9.6,100.0,0.0,1
15,10,1,Ranchi,Sri Lanka,India,0,2014-11-16,9.0,-10000000000.0,0.0,0
16,10,1,Bloemfontein,England,South Africa,0,2016-02-03,9.6,0.0,0.0,1
4,10,1,Port Elizabeth,South Africa,England,0,2016-02-06,2.4,-2998687221.02,0.0,0
7,10,1,Centurion,England,South Africa,0,2016-02-09,4.2,100.0,0.0,0
9,10,0,Johannesburg,England,South Africa,0,2016-02-12,5.4,30.04,0.0,0
8,10,0,Cape Town,England,South Africa,0,2016-02-14,4.8,-57.86,0.0,0
3,10,1,Dubai,Afghanistan,United Arab Emirates,0,2014-11-28,1.8,0.0,0.0,0
4,10,0,Dubai,Afghanistan,United Arab Emirates,0,2014-11-30,2.4,-2998687221.02,0.0,0
5,10,0,No Info,Scotland,Ireland,1,2015-01-12,3.0,0.0,0.66,0
13,10,0,No Info,Afghanistan,Ireland,0,2015-01-17,7.8,-2998687221.02,0.0,1
3,10,0,Dubai,Scotland,Afghanistan,1,2015-01-08,1.8,-2998687221.02,0.65,0
10,10,1,Abu Dhabi,Scotland,Afghanistan,0,2015-01-14,6.0,-5385342380.23,0.0,1
7,10,1,Mirpur,Bangladesh,South Africa,0,2015-07-10,4.2,0.0,0.0,0
13,10,1,Mirpur,South Africa,Bangladesh,0,2015-07-12,7.8,100.0,0.0,0
3,10,1,Chittagong,South Africa,Bangladesh,0,2015-07-15,1.8,-25.64,0.0,0
6,10,0,Centurion,South Africa,New Zealand,0,2015-08-19,3.6,100.0,0.0,1
9,10,1,Potchefstroom,South Africa,New Zealand,1,2015-08-23,5.4,100.0,0.65,0
1,10,1,Durban,South Africa,New Zealand,0,2015-08-26,0.6,16.47,0.0,1
5,10,1,Mirpur,Bangladesh,Pakistan,0,2015-04-17,3.0,100.0,0.0,1
6,10,1,Mirpur,Pakistan,Bangladesh,0,2015-04-19,3.6,-4201963035.85,0.0,0
6,10,1,Mirpur,Pakistan,Bangladesh,0,2015-04-22,3.6,-5385342380.23,0.0,0
4,10,0,No Info,Sri Lanka,Pakistan,0,2015-07-11,2.4,0.0,0.0,0
0,10,1,No Info,Pakistan,Sri Lanka,0,2015-07-15,0.0,100.0,0.0,0
7,10,1,Colombo,Pakistan,Sri Lanka,0,2015-07-19,4.2,-25.64,0.0,1
11,10,1,Colombo,Sri Lanka,Pakistan,1,2015-07-22,6.6,-105.23,0.66,0
5,10,1,Hambantota,Sri Lanka,Pakistan,0,2015-07-26,3.0,-263.1,0.0,1
4,10,1,Lahore,Pakistan,Zimbabwe,0,2015-05-26,2.4,100.0,0.0,1
4,10,0,Lahore,Zimbabwe,Pakistan,0,2015-05-29,2.4,-6410069025.96,0.0,0
15,10,1,Lahore,Pakistan,Zimbabwe,0,2015-05-31,9.0,100.0,0.0,0
6,10,1,Mirpur,Bangladesh,India,0,2015-06-18,3.6,0.0,0.0,1
5,10,1,Mirpur,India,Bangladesh,1,2015-06-21,3.0,-2998687221.02,0.66,0
7,10,0,Mirpur,India,Bangladesh,0,2015-06-24,4.2,-5385342380.23,0.0,1
4,10,0,No Info,India,Zimbabwe,0,2015-07-10,2.4,100.0,0.0,1
4,10,0,No Info,India,Zimbabwe,0,2015-07-12,2.4,100.0,0.0,1
12,10,0,No Info,India,Zimbabwe,0,2015-07-14,7.2,100.0,0.0,1
4,10,0,No Info,New Zealand,Zimbabwe,0,2015-08-02,2.4,0.0,0.0,0
3,10,1,No Info,Zimbabwe,New Zealand,0,2015-08-04,1.8,100.0,0.0,0
4,10,0,No Info,New Zealand,Zimbabwe,0,2015-08-07,2.4,20.41,0.0,1
14,10,1,Perth,India,Australia,0,2016-01-12,8.4,100.0,0.0,0
5,10,1,Brisbane,India,Australia,0,2016-01-15,3.0,-149.21,0.0,0
5,10,0,No Info,India,Australia,0,2016-01-17,3.0,-5385342380.23,0.0,0
7,10,1,Canberra,Australia,India,0,2016-01-20,4.2,100.0,0.0,1
8,10,0,No Info,Australia,India,1,2016-01-23,4.8,100.0,0.66,0
7,10,1,Abu Dhabi,England,Pakistan,1,2015-11-11,4.2,0.0,0.66,0
9,10,1,Abu Dhabi,England,Pakistan,0,2015-11-13,5.4,-2998687221.02,0.0,1
2,10,1,No Info,Pakistan,England,0,2015-11-17,1.2,-25.64,0.0,0
5,10,1,No Info,England,Pakistan,0,2015-11-20,3.0,64.73,0.0,1
10,10,1,Kanpur,South Africa,India,0,2015-10-11,6.0,-1203275814.83,0.0,1
3,10,1,Indore,India,South Africa,1,2015-10-14,1.8,-2998687221.02,0.65,1
5,10,1,Rajkot,South Africa,India,0,2015-10-18,3.0,-25.64,0.0,1
8,10,1,Chennai,India,South Africa,0,2015-10-22,4.8,-105.23,0.0,1
7,10,1,Mumbai,South Africa,India,0,2015-10-25,4.2,-25.64,0.0,1
10,10,1,Dubai,Hong Kong,United Arab Emirates,0,2015-11-16,6.0,0.0,0.0,1
4,10,1,Christchurch,Sri Lanka,New Zealand,0,2015-12-26,2.4,0.0,0.0,0
0,10,1,Christchurch,Sri Lanka,New Zealand,0,2015-12-28,0.0,-2998687221.02,0.0,0
1,10,1,Nelson,New Zealand,Sri Lanka,0,2015-12-31,0.6,100.0,0.0,0
4,10,0,Mount Maunganui,New Zealand,Sri Lanka,1,2016-01-05,2.4,30.04,0.66,1
6,10,0,Wellington,New Zealand,Pakistan,0,2016-01-25,3.6,100.0,0.0,1
1,10,0,Auckland,New Zealand,Australia,0,2016-02-03,0.6,100.0,0.0,1
13,10,1,Wellington,New Zealand,Australia,0,2016-02-06,7.8,100.0,0.0,0
10,10,0,Hamilton,New Zealand,Australia,0,2016-02-08,6.0,48.28,0.0,1
4,10,1,Auckland,Pakistan,New Zealand,0,2016-01-31,2.4,-7613344840.79,0.0,0
7,10,0,Colombo,West Indies,Sri Lanka,1,2015-11-01,4.2,0.0,0.65,0
4,10,1,Colombo,West Indies,Sri Lanka,1,2015-11-04,2.4,-2998687221.02,0.66,0
8,10,0,No Info,West Indies,Sri Lanka,1,2015-11-07,4.8,-5385342380.23,0.66,0
1,10,0,No Info,Pakistan,Zimbabwe,0,2015-10-01,0.6,0.0,0.0,1
4,10,0,No Info,Zimbabwe,Pakistan,0,2015-10-03,2.4,-2998687221.02,0.0,1
5,10,0,No Info,Zimbabwe,Pakistan,0,2015-10-05,3.0,20.41,0.0,0
13,10,0,No Info,Ireland,Zimbabwe,0,2015-10-09,7.8,-2386655159.21,0.0,0
2,10,0,No Info,Ireland,Zimbabwe,0,2015-10-11,1.2,-4898226062.24,0.0,0
2,10,0,No Info,Zimbabwe,Ireland,1,2015-10-13,1.2,100.0,0.66,0
4,10,1,Bulawayo,Afghanistan,Zimbabwe,0,2015-10-16,2.4,-5489469815.25,0.0,0
15,10,1,Bulawayo,Afghanistan,Zimbabwe,0,2015-10-18,9.0,-6410069025.96,0.0,1
8,10,1,Bulawayo,Zimbabwe,Afghanistan,0,2015-10-22,4.8,41.22,0.0,0
1,10,0,Mirpur,Bangladesh,Zimbabwe,0,2015-11-07,0.6,-3102814656.04,0.0,1
4,10,0,Mirpur,Bangladesh,Zimbabwe,0,2015-11-09,2.4,49.58,0.0,1
4,10,1,Mirpur,Bangladesh,Zimbabwe,0,2015-11-11,2.4,77.66,0.0,1
7,10,1,No Info,Afghanistan,Zimbabwe,0,2015-12-25,4.2,100.0,0.0,1
7,10,1,No Info,Zimbabwe,Afghanistan,0,2015-12-29,4.2,-4201963035.85,0.0,0
0,10,1,No Info,Zimbabwe,Afghanistan,2,2016-01-02,0.0,-5385342380.23,1.46,1
6,10,1,No Info,Zimbabwe,Afghanistan,0,2016-01-04,3.6,-42.94,0.0,1
1,10,1,No Info,Zimbabwe,Afghanistan,0,2016-01-06,0.6,36.65,0.0,0
1,10,1,No Info,Zimbabwe,Afghanistan,0,2016-01-06,0.6,-33.31,0.0,0
